Time,Coin,Direction,Confidence,Model,Entry,TP,TP%,SL,SL%,ATR,H4 High,H4 Low
2026-05-24 07:05,TAOUSDT,FLAT,1.0000,cascade_v3.1,280.8700,,,,,3.8626,294.0000,252.6900
2026-05-24 07:05,DOTUSDT,FLAT,1.0000,cascade_v3.1,1.2770,,,,,0.013610,1.3460,1.1970
2026-05-24 07:05,1000SHIBUSDT,FLAT,1.0000,cascade_v3.1,0.00565200,,,,,0.00003700,0.00589200,0.00546700
2026-05-24 07:05,ADAUSDT,FLAT,1.0000,cascade_v3.1,0.245900,,,,,0.00154698,0.254500,0.235700
2026-05-24 07:05,ONDOUSDT,FLAT,1.0000,cascade_v3.1,0.441000,,,,,0.010317,0.475600,0.373000
2026-05-24 07:05,HBARUSDT,FLAT,1.0000,cascade_v3.1,0.089830,,,,,0.00053178,0.090970,0.085340
2026-05-24 07:05,SOLUSDT,FLAT,1.0000,cascade_v3.1,86.5600,,,,,0.619031,88.0200,81.3600
2026-05-24 07:05,LINKUSDT,FLAT,1.0000,cascade_v3.1,9.6090,,,,,0.079929,10.0310,9.0340
2026-05-24 07:05,DOGEUSDT,FLAT,1.0000,cascade_v3.1,0.103090,,,,,0.00069383,0.106740,0.097150
2026-05-24 07:05,ARBUSDT,FLAT,1.0000,cascade_v3.1,0.109400,,,,,0.00104971,0.115800,0.102800
2026-05-24 07:05,XRPUSDT,FLAT,1.0000,cascade_v3.1,1.3620,,,,,0.00658707,1.3859,1.2951
2026-05-24 07:05,TRXUSDT,FLAT,1.0000,cascade_v3.1,0.362560,,,,,0.00068809,0.366360,0.358150
2026-05-24 07:05,TONUSDT,FLAT,1.0000,cascade_v3.1,1.7915,,,,,0.020588,2.0950,1.7213
2026-05-24 07:05,ETHUSDT,FLAT,1.0000,cascade_v3.1,2126.01,,,,,12.2002,2157.00,2007.00
2026-05-24 07:05,BNBUSDT,FLAT,1.0000,cascade_v3.1,657.4100,,,,,2.8140,664.9500,635.0000
2026-05-24 07:05,1000PEPEUSDT,FLAT,1.0000,cascade_v3.1,0.00362670,,,,,0.00003187,0.00383240,0.00343470
2026-05-24 07:05,POLUSDT,FLAT,1.0000,cascade_v3.1,0.091260,,,,,0.00052352,0.093230,0.087190
2026-05-24 07:05,NEARUSDT,FLAT,1.0000,cascade_v3.1,2.4120,,,,,0.066507,2.3360,2.0100
2026-05-24 07:05,AVAXUSDT,FLAT,1.0000,cascade_v3.1,9.3590,,,,,0.064293,9.5990,8.8330
2026-05-24 07:05,SUIUSDT,FLAT,1.0000,cascade_v3.1,1.0667,,,,,0.012285,1.1641,0.981300
2026-05-24 06:05,TAOUSDT,FLAT,1.0000,cascade_v3.1,278.7700,,,,,3.9451,294.0000,252.6900
2026-05-24 06:05,DOTUSDT,FLAT,1.0000,cascade_v3.1,1.2770,,,,,0.014022,1.3460,1.1970
2026-05-24 06:05,1000SHIBUSDT,FLAT,1.0000,cascade_v3.1,0.00564400,,,,,0.00003797,0.00589200,0.00546700
2026-05-24 06:05,ADAUSDT,FLAT,1.0000,cascade_v3.1,0.246000,,,,,0.00161472,0.254500,0.235700
2026-05-24 06:05,ONDOUSDT,FLAT,1.0000,cascade_v3.1,0.427700,,,,,0.00901373,0.475600,0.373000
2026-05-24 06:05,HBARUSDT,FLAT,1.0000,cascade_v3.1,0.089710,,,,,0.00053431,0.090970,0.085340
2026-05-24 06:05,SOLUSDT,FLAT,1.0000,cascade_v3.1,86.0800,,,,,0.586369,88.0200,81.3600
2026-05-24 06:05,LINKUSDT,FLAT,1.0000,cascade_v3.1,9.5850,,,,,0.074934,10.0310,9.0340
2026-05-24 06:05,DOGEUSDT,FLAT,1.0000,cascade_v3.1,0.103020,,,,,0.00072847,0.106740,0.097150
2026-05-24 06:05,ARBUSDT,FLAT,1.0000,cascade_v3.1,0.108700,,,,,0.00102557,0.115800,0.102800
2026-05-24 06:05,XRPUSDT,FLAT,1.0000,cascade_v3.1,1.3601,,,,,0.00657175,1.3859,1.2951
2026-05-24 06:05,TRXUSDT,FLAT,1.0000,cascade_v3.1,0.362960,,,,,0.00071723,0.366360,0.358150
2026-05-24 06:05,TONUSDT,FLAT,1.0000,cascade_v3.1,1.7925,,,,,0.021701,2.0950,1.7213
2026-05-24 06:05,ETHUSDT,FLAT,1.0000,cascade_v3.1,2120.43,,,,,12.1565,2157.00,2007.00
2026-05-24 06:05,BNBUSDT,FLAT,1.0000,cascade_v3.1,655.6400,,,,,2.8154,664.9500,635.0000
2026-05-24 06:05,1000PEPEUSDT,FLAT,1.0000,cascade_v3.1,0.00361720,,,,,0.00003204,0.00383240,0.00343470
2026-05-24 06:05,POLUSDT,FLAT,1.0000,cascade_v3.1,0.091010,,,,,0.00052232,0.093230,0.087190
2026-05-24 06:05,NEARUSDT,FLAT,1.0000,cascade_v3.1,2.3340,,,,,0.066831,2.3360,2.0100
2026-05-24 06:05,AVAXUSDT,FLAT,1.0000,cascade_v3.1,9.3390,,,,,0.068636,9.5990,8.8330
2026-05-24 06:05,SUIUSDT,FLAT,1.0000,cascade_v3.1,1.0578,,,,,0.012082,1.1641,0.981300
2026-05-24 05:05,TAOUSDT,FLAT,1.0000,cascade_v3.1,278.4800,,,,,4.0449,294.0000,252.6900
2026-05-24 05:05,DOTUSDT,FLAT,1.0000,cascade_v3.1,1.2790,,,,,0.014763,1.3460,1.1970
2026-05-24 05:05,1000SHIBUSDT,FLAT,1.0000,cascade_v3.1,0.00565200,,,,,0.00003940,0.00589200,0.00546700
2026-05-24 05:05,ADAUSDT,FLAT,1.0000,cascade_v3.1,0.245500,,,,,0.00170827,0.254500,0.235700
2026-05-24 05:05,ONDOUSDT,FLAT,1.0000,cascade_v3.1,0.429200,,,,,0.00937790,0.475600,0.373000
2026-05-24 05:05,HBARUSDT,FLAT,1.0000,cascade_v3.1,0.089440,,,,,0.00056226,0.090970,0.085340
2026-05-24 05:05,SOLUSDT,FLAT,1.0000,cascade_v3.1,85.8900,,,,,0.585707,88.0200,81.3600
2026-05-24 05:05,LINKUSDT,FLAT,1.0000,cascade_v3.1,9.5240,,,,,0.074246,10.0310,9.0340
2026-05-24 05:05,DOGEUSDT,FLAT,1.0000,cascade_v3.1,0.103000,,,,,0.00073357,0.106740,0.097150
2026-05-24 05:05,ARBUSDT,FLAT,1.0000,cascade_v3.1,0.108700,,,,,0.00108386,0.115800,0.102800
2026-05-24 05:05,XRPUSDT,FLAT,1.0000,cascade_v3.1,1.3607,,,,,0.00663407,1.3859,1.2951
2026-05-24 05:05,TRXUSDT,FLAT,1.0000,cascade_v3.1,0.363030,,,,,0.00077742,0.366360,0.358150
2026-05-24 05:05,TONUSDT,FLAT,1.0000,cascade_v3.1,1.7963,,,,,0.022233,2.0950,1.7213
2026-05-24 05:05,ETHUSDT,FLAT,1.0000,cascade_v3.1,2119.31,,,,,12.7419,2157.00,2007.00
2026-05-24 05:05,BNBUSDT,FLAT,1.0000,cascade_v3.1,656.4900,,,,,2.9283,664.9500,635.0000
2026-05-24 05:05,1000PEPEUSDT,FLAT,1.0000,cascade_v3.1,0.00362590,,,,,0.00003337,0.00383240,0.00343470
2026-05-24 05:05,POLUSDT,FLAT,1.0000,cascade_v3.1,0.091000,,,,,0.00056658,0.093230,0.087190
2026-05-24 05:05,NEARUSDT,FLAT,1.0000,cascade_v3.1,2.3840,,,,,0.066364,2.3360,2.0100
2026-05-24 05:05,AVAXUSDT,FLAT,1.0000,cascade_v3.1,9.3550,,,,,0.071072,9.5990,8.8330
2026-05-24 05:05,SUIUSDT,FLAT,1.0000,cascade_v3.1,1.0618,,,,,0.012463,1.1641,0.981300
2026-05-24 04:05,TAOUSDT,FLAT,1.0000,cascade_v3.1,279.9500,,,,,4.2171,294.0000,252.6900
2026-05-24 04:05,DOTUSDT,FLAT,1.0000,cascade_v3.1,1.2860,,,,,0.015732,1.3460,1.1970
2026-05-24 04:05,1000SHIBUSDT,FLAT,1.0000,cascade_v3.1,0.00565000,,,,,0.00004279,0.00589200,0.00546700
2026-05-24 04:05,ADAUSDT,FLAT,1.0000,cascade_v3.1,0.245400,,,,,0.00185621,0.254500,0.235700
2026-05-24 04:05,ONDOUSDT,FLAT,1.0000,cascade_v3.1,0.422400,,,,,0.00911706,0.475600,0.373000
2026-05-24 04:05,HBARUSDT,FLAT,1.0000,cascade_v3.1,0.089510,,,,,0.00060897,0.090970,0.085340
2026-05-24 04:05,SOLUSDT,FLAT,1.0000,cascade_v3.1,85.8700,,,,,0.640842,88.0200,81.3600
2026-05-24 04:05,LINKUSDT,FLAT,1.0000,cascade_v3.1,9.5510,,,,,0.081936,10.0310,9.0340
2026-05-24 04:05,DOGEUSDT,FLAT,1.0000,cascade_v3.1,0.103030,,,,,0.00080110,0.106740,0.097150
2026-05-24 04:05,ARBUSDT,FLAT,1.0000,cascade_v3.1,0.109100,,,,,0.00119112,0.115800,0.102800
2026-05-24 04:05,XRPUSDT,FLAT,1.0000,cascade_v3.1,1.3595,,,,,0.00736752,1.3859,1.2951
2026-05-24 04:05,TRXUSDT,FLAT,1.0000,cascade_v3.1,0.363250,,,,,0.00077456,0.366360,0.358150
2026-05-24 04:05,TONUSDT,FLAT,1.0000,cascade_v3.1,1.8069,,,,,0.023117,2.0950,1.7213
2026-05-24 04:05,ETHUSDT,FLAT,1.0000,cascade_v3.1,2120.61,,,,,14.3902,2157.00,2007.00
2026-05-24 04:05,BNBUSDT,FLAT,1.0000,cascade_v3.1,658.2400,,,,,3.1525,664.9500,635.0000
2026-05-24 04:05,1000PEPEUSDT,FLAT,1.0000,cascade_v3.1,0.00362550,,,,,0.00003727,0.00383240,0.00343470
2026-05-24 04:05,POLUSDT,FLAT,1.0000,cascade_v3.1,0.091120,,,,,0.00061241,0.093230,0.087190
2026-05-24 04:05,NEARUSDT,FLAT,1.0000,cascade_v3.1,2.3940,,,,,0.067384,2.3360,2.0100
2026-05-24 04:05,AVAXUSDT,FLAT,1.0000,cascade_v3.1,9.3420,,,,,0.079134,9.5990,8.8330
2026-05-24 04:05,SUIUSDT,FLAT,1.0000,cascade_v3.1,1.0651,,,,,0.013830,1.1641,0.981300
2026-05-24 03:05,TAOUSDT,FLAT,1.0000,cascade_v3.1,280.5700,,,,,4.2759,294.0000,252.6900
2026-05-24 03:05,DOTUSDT,FLAT,1.0000,cascade_v3.1,1.2920,,,,,0.016429,1.3460,1.1970
2026-05-24 03:05,1000SHIBUSDT,FLAT,1.0000,cascade_v3.1,0.00567100,,,,,0.00004530,0.00589200,0.00546700
2026-05-24 03:05,ADAUSDT,FLAT,1.0000,cascade_v3.1,0.245800,,,,,0.00197152,0.254500,0.235700
2026-05-24 03:05,ONDOUSDT,FLAT,1.0000,cascade_v3.1,0.430600,,,,,0.00935148,0.475600,0.373000
2026-05-24 03:05,HBARUSDT,FLAT,1.0000,cascade_v3.1,0.089910,,,,,0.00062809,0.090970,0.087770
2026-05-24 03:05,SOLUSDT,FLAT,1.0000,cascade_v3.1,86.0500,,,,,0.674612,88.0200,81.3600
2026-05-24 03:05,LINKUSDT,FLAT,1.0000,cascade_v3.1,9.5810,,,,,0.086982,10.0310,9.0340
2026-05-24 03:05,DOGEUSDT,FLAT,1.0000,cascade_v3.1,0.103210,,,,,0.00085337,0.106740,0.097150
2026-05-24 03:05,ARBUSDT,FLAT,1.0000,cascade_v3.1,0.109500,,,,,0.00124616,0.115800,0.102800
2026-05-24 03:05,XRPUSDT,FLAT,1.0000,cascade_v3.1,1.3623,,,,,0.00814611,1.3859,1.2951
2026-05-24 03:05,TRXUSDT,FLAT,1.0000,cascade_v3.1,0.362820,,,,,0.00077998,0.366360,0.353560
2026-05-24 03:05,TONUSDT,FLAT,1.0000,cascade_v3.1,1.8128,,,,,0.025095,2.0950,1.7213
2026-05-24 03:05,ETHUSDT,FLAT,1.0000,cascade_v3.1,2125.69,,,,,15.3562,2157.00,2007.00
2026-05-24 03:05,BNBUSDT,FLAT,1.0000,cascade_v3.1,659.2100,,,,,3.3412,664.9500,635.0000
2026-05-24 03:05,1000PEPEUSDT,FLAT,1.0000,cascade_v3.1,0.00364250,,,,,0.00003893,0.00383240,0.00343470
2026-05-24 03:05,POLUSDT,FLAT,1.0000,cascade_v3.1,0.091490,,,,,0.00062776,0.093230,0.089740
2026-05-24 03:05,NEARUSDT,FLAT,1.0000,cascade_v3.1,2.4240,,,,,0.070459,2.3360,1.5790
2026-05-24 03:05,AVAXUSDT,FLAT,1.0000,cascade_v3.1,9.3690,,,,,0.083657,9.5990,8.9320
2026-05-24 03:05,SUIUSDT,FLAT,1.0000,cascade_v3.1,1.0692,,,,,0.014703,1.1641,0.981300
2026-05-24 02:05,TAOUSDT,FLAT,1.0000,cascade_v3.1,279.9700,,,,,4.4646,294.0000,252.6900
2026-05-24 02:05,DOTUSDT,FLAT,1.0000,cascade_v3.1,1.2910,,,,,0.017234,1.3460,1.1970
2026-05-24 02:05,1000SHIBUSDT,FLAT,1.0000,cascade_v3.1,0.00567500,,,,,0.00004508,0.00589200,0.00546700
2026-05-24 02:05,ADAUSDT,FLAT,1.0000,cascade_v3.1,0.246000,,,,,0.00200714,0.254500,0.235700
2026-05-24 02:05,ONDOUSDT,FLAT,1.0000,cascade_v3.1,0.426800,,,,,0.00918709,0.475600,0.373000
2026-05-24 02:05,HBARUSDT,FLAT,1.0000,cascade_v3.1,0.089720,,,,,0.00063744,0.090970,0.087770
2026-05-24 02:05,SOLUSDT,FLAT,1.0000,cascade_v3.1,85.9500,,,,,0.705681,88.0200,81.3600
2026-05-24 02:05,LINKUSDT,FLAT,1.0000,cascade_v3.1,9.5800,,,,,0.089913,10.0310,9.0340
2026-05-24 02:05,DOGEUSDT,FLAT,1.0000,cascade_v3.1,0.103180,,,,,0.00088445,0.106740,0.097150
2026-05-24 02:05,ARBUSDT,FLAT,1.0000,cascade_v3.1,0.109500,,,,,0.00125224,0.115800,0.102800
2026-05-24 02:05,XRPUSDT,FLAT,1.0000,cascade_v3.1,1.3591,,,,,0.00850705,1.3859,1.2951
2026-05-24 02:05,TRXUSDT,FLAT,1.0000,cascade_v3.1,0.362600,,,,,0.00072870,0.366360,0.353560
2026-05-24 02:05,TONUSDT,FLAT,1.0000,cascade_v3.1,1.8134,,,,,0.025710,2.0950,1.7213
2026-05-24 02:05,ETHUSDT,FLAT,1.0000,cascade_v3.1,2122.21,,,,,16.1418,2157.00,2007.00
2026-05-24 02:05,BNBUSDT,FLAT,1.0000,cascade_v3.1,657.5500,,,,,3.3279,664.9500,635.0000
2026-05-24 02:05,1000PEPEUSDT,FLAT,1.0000,cascade_v3.1,0.00364260,,,,,0.00003942,0.00383240,0.00343470
2026-05-24 02:05,POLUSDT,FLAT,1.0000,cascade_v3.1,0.091410,,,,,0.00064362,0.093230,0.089740
2026-05-24 02:05,NEARUSDT,FLAT,1.0000,cascade_v3.1,2.3870,,,,,0.070253,2.3360,1.5790
2026-05-24 02:05,AVAXUSDT,FLAT,1.0000,cascade_v3.1,9.3980,,,,,0.083861,9.5990,8.9320
2026-05-24 02:05,SUIUSDT,FLAT,1.0000,cascade_v3.1,1.0662,,,,,0.014655,1.1641,0.981300
2026-05-24 01:05,TAOUSDT,FLAT,1.0000,cascade_v3.1,281.4400,,,,,4.8916,294.0000,252.6900
2026-05-24 01:05,DOTUSDT,FLAT,1.0000,cascade_v3.1,1.2930,,,,,0.018716,1.3460,1.1970
2026-05-24 01:05,1000SHIBUSDT,FLAT,1.0000,cascade_v3.1,0.00567200,,,,,0.00004836,0.00589200,0.00546700
2026-05-24 01:05,ADAUSDT,FLAT,1.0000,cascade_v3.1,0.246000,,,,,0.00218362,0.254500,0.235700
2026-05-24 01:05,ONDOUSDT,FLAT,1.0000,cascade_v3.1,0.429400,,,,,0.00922715,0.475600,0.373000
2026-05-24 01:05,HBARUSDT,FLAT,1.0000,cascade_v3.1,0.089860,,,,,0.00069509,0.090970,0.087770
2026-05-24 01:05,SOLUSDT,FLAT,1.0000,cascade_v3.1,85.9300,,,,,0.767991,88.0200,81.3600
2026-05-24 01:05,LINKUSDT,FLAT,1.0000,cascade_v3.1,9.5860,,,,,0.097192,10.0310,9.0340
2026-05-24 01:05,DOGEUSDT,FLAT,1.0000,cascade_v3.1,0.103160,,,,,0.00098144,0.106740,0.097150
2026-05-24 01:05,ARBUSDT,FLAT,1.0000,cascade_v3.1,0.109900,,,,,0.00136079,0.115800,0.102800
2026-05-24 01:05,XRPUSDT,FLAT,1.0000,cascade_v3.1,1.3615,,,,,0.00928045,1.3859,1.2951
2026-05-24 01:05,TRXUSDT,FLAT,1.0000,cascade_v3.1,0.362440,,,,,0.00074993,0.366360,0.353560
2026-05-24 01:05,TONUSDT,FLAT,1.0000,cascade_v3.1,1.8091,,,,,0.027430,2.0950,1.7213
2026-05-24 01:05,ETHUSDT,FLAT,1.0000,cascade_v3.1,2119.99,,,,,17.3863,2157.00,2007.00
2026-05-24 01:05,BNBUSDT,FLAT,1.0000,cascade_v3.1,657.3400,,,,,3.5661,664.9500,635.0000
2026-05-24 01:05,1000PEPEUSDT,FLAT,1.0000,cascade_v3.1,0.00364750,,,,,0.00004381,0.00383240,0.00343470
2026-05-24 01:05,POLUSDT,FLAT,1.0000,cascade_v3.1,0.091250,,,,,0.00068438,0.093230,0.089740
2026-05-24 01:05,NEARUSDT,FLAT,1.0000,cascade_v3.1,2.3770,,,,,0.074968,2.3360,1.5790
2026-05-24 01:05,AVAXUSDT,FLAT,1.0000,cascade_v3.1,9.4030,,,,,0.090588,9.5990,8.9320
2026-05-24 01:05,SUIUSDT,FLAT,1.0000,cascade_v3.1,1.0716,,,,,0.015844,1.1641,0.981300
2026-05-24 00:05,TAOUSDT,FLAT,1.0000,cascade_v3.1,278.6500,,,,,5.1864,294.0000,252.6900
2026-05-24 00:05,DOTUSDT,FLAT,1.0000,cascade_v3.1,1.2930,,,,,0.020313,1.3460,1.1970
2026-05-24 00:05,1000SHIBUSDT,FLAT,1.0000,cascade_v3.1,0.00565900,,,,,0.00005339,0.00589200,0.00546700
2026-05-24 00:05,ADAUSDT,FLAT,1.0000,cascade_v3.1,0.245600,,,,,0.00233393,0.254500,0.235700
2026-05-24 00:05,ONDOUSDT,FLAT,1.0000,cascade_v3.1,0.421800,,,,,0.00955646,0.475600,0.373000
2026-05-24 00:05,HBARUSDT,FLAT,1.0000,cascade_v3.1,0.089720,,,,,0.00074654,0.090970,0.087770
2026-05-24 00:05,SOLUSDT,FLAT,1.0000,cascade_v3.1,85.6300,,,,,0.828194,88.0200,81.3600
2026-05-24 00:05,LINKUSDT,FLAT,1.0000,cascade_v3.1,9.5500,,,,,0.104483,10.0310,9.0340
2026-05-24 00:05,DOGEUSDT,FLAT,1.0000,cascade_v3.1,0.102870,,,,,0.00107807,0.106740,0.097150
2026-05-24 00:05,ARBUSDT,FLAT,1.0000,cascade_v3.1,0.109200,,,,,0.00145527,0.115800,0.102800
2026-05-24 00:05,XRPUSDT,FLAT,1.0000,cascade_v3.1,1.3569,,,,,0.00991744,1.3859,1.2951
2026-05-24 00:05,TRXUSDT,FLAT,1.0000,cascade_v3.1,0.362420,,,,,0.00073043,0.366360,0.353560
2026-05-24 00:05,TONUSDT,FLAT,1.0000,cascade_v3.1,1.8159,,,,,0.028671,2.0950,1.7213
2026-05-24 00:05,ETHUSDT,FLAT,1.0000,cascade_v3.1,2116.07,,,,,18.8078,2157.00,2007.00
2026-05-24 00:05,BNBUSDT,FLAT,1.0000,cascade_v3.1,657.1300,,,,,3.8227,664.9500,635.0000
2026-05-24 00:05,1000PEPEUSDT,FLAT,1.0000,cascade_v3.1,0.00363860,,,,,0.00004805,0.00383240,0.00343470
2026-05-24 00:05,POLUSDT,FLAT,1.0000,cascade_v3.1,0.091160,,,,,0.00073131,0.093230,0.089740
2026-05-24 00:05,NEARUSDT,FLAT,1.0000,cascade_v3.1,2.4340,,,,,0.077343,2.3360,1.5790
2026-05-24 00:05,AVAXUSDT,FLAT,1.0000,cascade_v3.1,9.3830,,,,,0.098351,9.5990,8.9320
2026-05-24 00:05,SUIUSDT,FLAT,1.0000,cascade_v3.1,1.0642,,,,,0.016946,1.1641,0.981300
2026-05-23 23:05,TAOUSDT,FLAT,1.0000,cascade_v3.1,278.9800,,,,,5.3607,294.0000,253.7400
2026-05-23 23:05,DOTUSDT,FLAT,1.0000,cascade_v3.1,1.2940,,,,,0.021715,1.3460,1.2120
2026-05-23 23:05,1000SHIBUSDT,FLAT,1.0000,cascade_v3.1,0.00565700,,,,,0.00005697,0.00589200,0.00573300
2026-05-23 23:05,ADAUSDT,FLAT,1.0000,cascade_v3.1,0.246100,,,,,0.00250530,0.254500,0.245400
2026-05-23 23:05,ONDOUSDT,FLAT,1.0000,cascade_v3.1,0.418400,,,,,0.00897951,0.475600,0.332700
2026-05-23 23:05,HBARUSDT,FLAT,1.0000,cascade_v3.1,0.090040,,,,,0.00077894,0.090970,0.087770
2026-05-23 23:05,SOLUSDT,FLAT,1.0000,cascade_v3.1,85.6600,,,,,0.903711,88.0200,85.2600
2026-05-23 23:05,LINKUSDT,FLAT,1.0000,cascade_v3.1,9.5550,,,,,0.113644,10.0310,9.3720
2026-05-23 23:05,DOGEUSDT,FLAT,1.0000,cascade_v3.1,0.103040,,,,,0.00114147,0.106740,0.101810
2026-05-23 23:05,ARBUSDT,FLAT,1.0000,cascade_v3.1,0.109200,,,,,0.00156634,0.115800,0.108300
2026-05-23 23:05,XRPUSDT,FLAT,1.0000,cascade_v3.1,1.3578,,,,,0.010727,1.3859,1.3503
2026-05-23 23:05,TRXUSDT,FLAT,1.0000,cascade_v3.1,0.362620,,,,,0.00075460,0.366360,0.353560
2026-05-23 23:05,TONUSDT,FLAT,1.0000,cascade_v3.1,1.8129,,,,,0.030884,2.0950,1.9238
2026-05-23 23:05,ETHUSDT,FLAT,1.0000,cascade_v3.1,2114.75,,,,,20.6490,2157.00,2103.51
2026-05-23 23:05,BNBUSDT,FLAT,1.0000,cascade_v3.1,656.9900,,,,,4.1369,664.9500,634.4300
2026-05-23 23:05,1000PEPEUSDT,FLAT,1.0000,cascade_v3.1,0.00363460,,,,,0.00005118,0.00383240,0.00351880
2026-05-23 23:05,POLUSDT,FLAT,1.0000,cascade_v3.1,0.090950,,,,,0.00078628,0.093230,0.089740
2026-05-23 23:05,NEARUSDT,FLAT,1.0000,cascade_v3.1,2.4290,,,,,0.078657,2.3360,1.5790
2026-05-23 23:05,AVAXUSDT,FLAT,1.0000,cascade_v3.1,9.3970,,,,,0.107666,9.5990,8.9320
2026-05-23 23:05,SUIUSDT,FLAT,1.0000,cascade_v3.1,1.0653,,,,,0.018487,1.1641,1.0284
2026-05-23 22:05,TAOUSDT,FLAT,1.0000,cascade_v3.1,285.5300,,,,,5.2161,294.0000,253.7400
2026-05-23 22:05,DOTUSDT,FLAT,1.0000,cascade_v3.1,1.3190,,,,,0.021354,1.3460,1.2120
2026-05-23 22:05,1000SHIBUSDT,FLAT,1.0000,cascade_v3.1,0.00570900,,,,,0.00005412,0.00589200,0.00573300
2026-05-23 22:05,ADAUSDT,FLAT,1.0000,cascade_v3.1,0.248500,,,,,0.00250714,0.254500,0.245400
2026-05-23 22:05,ONDOUSDT,FLAT,1.0000,cascade_v3.1,0.425500,,,,,0.00935892,0.475600,0.332700
2026-05-23 22:05,HBARUSDT,FLAT,1.0000,cascade_v3.1,0.090710,,,,,0.00079323,0.090970,0.087770
2026-05-23 22:05,SOLUSDT,FLAT,1.0000,cascade_v3.1,86.4500,,,,,0.918744,88.0200,85.2600
2026-05-23 22:05,LINKUSDT,FLAT,1.0000,cascade_v3.1,9.6540,,,,,0.114266,10.0310,9.3720
2026-05-23 22:05,DOGEUSDT,FLAT,1.0000,cascade_v3.1,0.103820,,,,,0.00110980,0.106740,0.101810
2026-05-23 22:05,ARBUSDT,FLAT,1.0000,cascade_v3.1,0.110200,,,,,0.00154578,0.115800,0.108300
2026-05-23 22:05,XRPUSDT,FLAT,1.0000,cascade_v3.1,1.3625,,,,,0.011196,1.3859,1.3503
2026-05-23 22:05,TRXUSDT,FLAT,1.0000,cascade_v3.1,0.361830,,,,,0.00077767,0.366360,0.353560
2026-05-23 22:05,TONUSDT,FLAT,1.0000,cascade_v3.1,1.8231,,,,,0.030478,2.0950,1.9238
2026-05-23 22:05,ETHUSDT,FLAT,1.0000,cascade_v3.1,2117.98,,,,,21.6152,2157.00,2103.51
2026-05-23 22:05,BNBUSDT,FLAT,1.0000,cascade_v3.1,658.5600,,,,,4.2371,664.9500,634.4300
2026-05-23 22:05,1000PEPEUSDT,FLAT,1.0000,cascade_v3.1,0.00367530,,,,,0.00005155,0.00383240,0.00351880
2026-05-23 22:05,POLUSDT,FLAT,1.0000,cascade_v3.1,0.091620,,,,,0.00079678,0.093230,0.089740
2026-05-23 22:05,NEARUSDT,FLAT,1.0000,cascade_v3.1,2.4050,,,,,0.078912,2.3360,1.5790
2026-05-23 22:05,AVAXUSDT,FLAT,1.0000,cascade_v3.1,9.5090,,,,,0.106528,9.5990,8.9320
2026-05-23 22:05,SUIUSDT,FLAT,1.0000,cascade_v3.1,1.0857,,,,,0.018827,1.1641,1.0284
2026-05-23 21:05,TAOUSDT,FLAT,1.0000,cascade_v3.1,284.4100,,,,,5.0976,294.0000,253.7400
2026-05-23 21:05,DOTUSDT,FLAT,1.0000,cascade_v3.1,1.3280,,,,,0.020300,1.3460,1.2120
2026-05-23 21:05,1000SHIBUSDT,FLAT,1.0000,cascade_v3.1,0.00573600,,,,,0.00005624,0.00589200,0.00573300
2026-05-23 21:05,ADAUSDT,FLAT,1.0000,cascade_v3.1,0.249500,,,,,0.00244362,0.254500,0.245400
2026-05-23 21:05,ONDOUSDT,FLAT,1.0000,cascade_v3.1,0.422400,,,,,0.00922234,0.475600,0.332700
2026-05-23 21:05,HBARUSDT,FLAT,1.0000,cascade_v3.1,0.090620,,,,,0.00082317,0.090970,0.087770
2026-05-23 21:05,SOLUSDT,FLAT,1.0000,cascade_v3.1,86.8700,,,,,0.915782,88.0200,85.2600
2026-05-23 21:05,LINKUSDT,FLAT,1.0000,cascade_v3.1,9.6920,,,,,0.114461,10.0310,9.3720
2026-05-23 21:05,DOGEUSDT,FLAT,1.0000,cascade_v3.1,0.104280,,,,,0.00108823,0.106740,0.101810
2026-05-23 21:05,ARBUSDT,FLAT,1.0000,cascade_v3.1,0.111500,,,,,0.00154872,0.115800,0.108300
2026-05-23 21:05,XRPUSDT,FLAT,1.0000,cascade_v3.1,1.3671,,,,,0.010490,1.3859,1.3503
2026-05-23 21:05,TRXUSDT,FLAT,1.0000,cascade_v3.1,0.361600,,,,,0.00077187,0.366360,0.353560
2026-05-23 21:05,TONUSDT,FLAT,1.0000,cascade_v3.1,1.8494,,,,,0.031264,2.0950,1.9238
2026-05-23 21:05,ETHUSDT,FLAT,1.0000,cascade_v3.1,2132.26,,,,,21.6042,2157.00,2103.51
2026-05-23 21:05,BNBUSDT,FLAT,1.0000,cascade_v3.1,662.3800,,,,,3.9669,664.9500,634.4300
2026-05-23 21:05,1000PEPEUSDT,FLAT,1.0000,cascade_v3.1,0.00371820,,,,,0.00004900,0.00383240,0.00351880
2026-05-23 21:05,POLUSDT,FLAT,1.0000,cascade_v3.1,0.091760,,,,,0.00082101,0.093230,0.089740
2026-05-23 21:05,NEARUSDT,FLAT,1.0000,cascade_v3.1,2.4260,,,,,0.079924,2.3360,1.5790
2026-05-23 21:05,AVAXUSDT,FLAT,1.0000,cascade_v3.1,9.5290,,,,,0.109439,9.5990,8.9320
2026-05-23 21:05,SUIUSDT,FLAT,1.0000,cascade_v3.1,1.0900,,,,,0.018206,1.1641,1.0284
2026-05-23 20:05,TAOUSDT,FLAT,1.0000,cascade_v3.1,275.1400,,,,,4.1022,294.0000,253.7400
2026-05-23 20:05,DOTUSDT,FLAT,1.0000,cascade_v3.1,1.2710,,,,,0.013977,1.3460,1.2120
2026-05-23 20:05,1000SHIBUSDT,FLAT,1.0000,cascade_v3.1,0.00561200,,,,,0.00003654,0.00589200,0.00573300
2026-05-23 20:05,ADAUSDT,FLAT,1.0000,cascade_v3.1,0.243900,,,,,0.00172726,0.254500,0.245400
2026-05-23 20:05,ONDOUSDT,FLAT,1.0000,cascade_v3.1,0.422400,,,,,0.00946988,0.475600,0.332700
2026-05-23 20:05,HBARUSDT,FLAT,1.0000,cascade_v3.1,0.088500,,,,,0.00055042,0.090970,0.087770
2026-05-23 20:05,SOLUSDT,FLAT,1.0000,cascade_v3.1,84.8900,,,,,0.619543,88.0200,85.2600
2026-05-23 20:05,LINKUSDT,FLAT,1.0000,cascade_v3.1,9.3950,,,,,0.065435,10.0310,9.3720
2026-05-23 20:05,DOGEUSDT,FLAT,1.0000,cascade_v3.1,0.102520,,,,,0.00079862,0.106740,0.101810
2026-05-23 20:05,ARBUSDT,FLAT,1.0000,cascade_v3.1,0.109400,,,,,0.00122698,0.115800,0.108300
2026-05-23 20:05,XRPUSDT,FLAT,1.0000,cascade_v3.1,1.3459,,,,,0.00715191,1.3859,1.3503
2026-05-23 20:05,TRXUSDT,FLAT,1.0000,cascade_v3.1,0.361390,,,,,0.00078560,0.366360,0.353560
2026-05-23 20:05,TONUSDT,FLAT,1.0000,cascade_v3.1,1.8131,,,,,0.026226,2.0950,1.9238
2026-05-23 20:05,ETHUSDT,FLAT,1.0000,cascade_v3.1,2075.70,,,,,11.7063,2157.00,2103.51
2026-05-23 20:05,BNBUSDT,FLAT,1.0000,cascade_v3.1,652.6400,,,,,2.8296,664.9500,634.4300
2026-05-23 20:05,1000PEPEUSDT,FLAT,1.0000,cascade_v3.1,0.00361450,,,,,0.00003233,0.00383240,0.00351880
2026-05-23 20:05,POLUSDT,FLAT,1.0000,cascade_v3.1,0.090690,,,,,0.00061531,0.093230,0.089740
2026-05-23 20:05,NEARUSDT,FLAT,1.0000,cascade_v3.1,2.3820,,,,,0.082200,2.3360,1.5790
2026-05-23 20:05,AVAXUSDT,FLAT,1.0000,cascade_v3.1,9.2830,,,,,0.076235,9.5990,8.9320
2026-05-23 20:05,SUIUSDT,FLAT,1.0000,cascade_v3.1,1.0549,,,,,0.012632,1.1641,1.0284
2026-05-23 19:05,TAOUSDT,FLAT,1.0000,cascade_v3.1,272.5900,,,,,4.2582,294.0000,253.7400
2026-05-23 19:05,DOTUSDT,FLAT,1.0000,cascade_v3.1,1.2720,,,,,0.014999,1.3460,1.2120
2026-05-23 19:05,1000SHIBUSDT,FLAT,1.0000,cascade_v3.1,0.00561800,,,,,0.00003949,0.00589200,0.00573300
2026-05-23 19:05,ADAUSDT,FLAT,1.0000,cascade_v3.1,0.243700,,,,,0.00183812,0.254500,0.245400
2026-05-23 19:05,ONDOUSDT,FLAT,1.0000,cascade_v3.1,0.416300,,,,,0.00895345,0.475600,0.332700
2026-05-23 19:05,HBARUSDT,FLAT,1.0000,cascade_v3.1,0.088180,,,,,0.00058239,0.090970,0.087770
2026-05-23 19:05,SOLUSDT,FLAT,1.0000,cascade_v3.1,84.6600,,,,,0.657011,88.0200,85.2600
2026-05-23 19:05,LINKUSDT,FLAT,1.0000,cascade_v3.1,9.3640,,,,,0.070055,10.0310,9.3720
2026-05-23 19:05,DOGEUSDT,FLAT,1.0000,cascade_v3.1,0.102190,,,,,0.00086190,0.106740,0.101810
2026-05-23 19:05,ARBUSDT,FLAT,1.0000,cascade_v3.1,0.109700,,,,,0.00131421,0.115800,0.108300
2026-05-23 19:05,XRPUSDT,FLAT,1.0000,cascade_v3.1,1.3433,,,,,0.00775887,1.3859,1.3503
2026-05-23 19:05,TRXUSDT,FLAT,1.0000,cascade_v3.1,0.360940,,,,,0.00082574,0.366360,0.353560
2026-05-23 19:05,TONUSDT,FLAT,1.0000,cascade_v3.1,1.7938,,,,,0.027066,2.0950,1.9238
2026-05-23 19:05,ETHUSDT,FLAT,1.0000,cascade_v3.1,2071.08,,,,,11.8286,2157.00,2103.51
2026-05-23 19:05,BNBUSDT,FLAT,1.0000,cascade_v3.1,651.4000,,,,,3.0515,664.9500,634.4300
2026-05-23 19:05,1000PEPEUSDT,FLAT,1.0000,cascade_v3.1,0.00360270,,,,,0.00003417,0.00383240,0.00351880
2026-05-23 19:05,POLUSDT,FLAT,1.0000,cascade_v3.1,0.090400,,,,,0.00066177,0.093230,0.089740
2026-05-23 19:05,NEARUSDT,FLAT,1.0000,cascade_v3.1,2.3800,,,,,0.085195,2.3360,1.5790
2026-05-23 19:05,AVAXUSDT,FLAT,1.0000,cascade_v3.1,9.2690,,,,,0.082712,9.5990,8.9320
2026-05-23 19:05,SUIUSDT,FLAT,1.0000,cascade_v3.1,1.0489,,,,,0.013485,1.1641,1.0284
2026-05-23 18:05,TAOUSDT,FLAT,1.0000,cascade_v3.1,269.7600,,,,,3.7649,294.0000,253.7400
2026-05-23 18:05,DOTUSDT,FLAT,1.0000,cascade_v3.1,1.2470,,,,,0.011451,1.3460,1.2120
2026-05-23 18:05,1000SHIBUSDT,FLAT,1.0000,cascade_v3.1,0.00559300,,,,,0.00003640,0.00589200,0.00573300
2026-05-23 18:05,ADAUSDT,FLAT,1.0000,cascade_v3.1,0.242600,,,,,0.00165321,0.254500,0.245400
2026-05-23 18:05,ONDOUSDT,FLAT,1.0000,cascade_v3.1,0.411800,,,,,0.00891552,0.475600,0.332700
2026-05-23 18:05,HBARUSDT,FLAT,1.0000,cascade_v3.1,0.087730,,,,,0.00053332,0.090970,0.087770
2026-05-23 18:05,SOLUSDT,FLAT,1.0000,cascade_v3.1,84.2700,,,,,0.619731,88.0200,85.2600
2026-05-23 18:05,LINKUSDT,FLAT,1.0000,cascade_v3.1,9.3150,,,,,0.062587,10.0310,9.3720
2026-05-23 18:05,DOGEUSDT,FLAT,1.0000,cascade_v3.1,0.101340,,,,,0.00077737,0.106740,0.101810
2026-05-23 18:05,ARBUSDT,FLAT,1.0000,cascade_v3.1,0.108400,,,,,0.00118408,0.115800,0.108300
2026-05-23 18:05,XRPUSDT,FLAT,1.0000,cascade_v3.1,1.3393,,,,,0.00719459,1.3859,1.3503
2026-05-23 18:05,TRXUSDT,FLAT,1.0000,cascade_v3.1,0.360320,,,,,0.00083268,0.366360,0.353560
2026-05-23 18:05,TONUSDT,FLAT,1.0000,cascade_v3.1,1.7809,,,,,0.024670,2.0950,1.9238
2026-05-23 18:05,ETHUSDT,FLAT,1.0000,cascade_v3.1,2064.79,,,,,10.6341,2157.00,2103.51
2026-05-23 18:05,BNBUSDT,FLAT,1.0000,cascade_v3.1,649.8800,,,,,2.8868,664.9500,634.4300
2026-05-23 18:05,1000PEPEUSDT,FLAT,1.0000,cascade_v3.1,0.00357500,,,,,0.00003028,0.00383240,0.00351880
2026-05-23 18:05,POLUSDT,FLAT,1.0000,cascade_v3.1,0.089930,,,,,0.00061774,0.093230,0.089740
2026-05-23 18:05,NEARUSDT,FLAT,1.0000,cascade_v3.1,2.3220,,,,,0.077020,2.3360,1.5790
2026-05-23 18:05,AVAXUSDT,FLAT,1.0000,cascade_v3.1,9.1450,,,,,0.067325,9.5990,8.9320
2026-05-23 18:05,SUIUSDT,FLAT,1.0000,cascade_v3.1,1.0447,,,,,0.012641,1.1641,1.0284
2026-05-23 17:05,TAOUSDT,FLAT,1.0000,cascade_v3.1,269.7900,,,,,3.8116,294.0000,253.7400
2026-05-23 17:05,DOTUSDT,FLAT,1.0000,cascade_v3.1,1.2470,,,,,0.011951,1.3460,1.2120
2026-05-23 17:05,1000SHIBUSDT,FLAT,1.0000,cascade_v3.1,0.00559900,,,,,0.00003770,0.00589200,0.00573300
2026-05-23 17:05,ADAUSDT,FLAT,1.0000,cascade_v3.1,0.241900,,,,,0.00184601,0.254500,0.245400
2026-05-23 17:05,ONDOUSDT,FLAT,1.0000,cascade_v3.1,0.409700,,,,,0.00961329,0.475600,0.332700
2026-05-23 17:05,HBARUSDT,FLAT,1.0000,cascade_v3.1,0.087640,,,,,0.00057793,0.090970,0.087770
2026-05-23 17:05,SOLUSDT,FLAT,1.0000,cascade_v3.1,84.1400,,,,,0.662663,88.0200,85.2600
2026-05-23 17:05,LINKUSDT,FLAT,1.0000,cascade_v3.1,9.3030,,,,,0.068349,10.0310,9.3720
2026-05-23 17:05,DOGEUSDT,FLAT,1.0000,cascade_v3.1,0.101090,,,,,0.00084015,0.106740,0.101810
2026-05-23 17:05,ARBUSDT,FLAT,1.0000,cascade_v3.1,0.108400,,,,,0.00125343,0.115800,0.108300
2026-05-23 17:05,XRPUSDT,FLAT,1.0000,cascade_v3.1,1.3372,,,,,0.00768299,1.3859,1.3503
2026-05-23 17:05,TRXUSDT,FLAT,1.0000,cascade_v3.1,0.360070,,,,,0.00092858,0.366360,0.353560
2026-05-23 17:05,TONUSDT,FLAT,1.0000,cascade_v3.1,1.7705,,,,,0.026487,2.0950,1.9238
2026-05-23 17:05,ETHUSDT,FLAT,1.0000,cascade_v3.1,2058.73,,,,,11.6025,2157.00,2103.51
2026-05-23 17:05,BNBUSDT,FLAT,1.0000,cascade_v3.1,647.4800,,,,,2.9830,664.9500,634.4300
2026-05-23 17:05,1000PEPEUSDT,FLAT,1.0000,cascade_v3.1,0.00356560,,,,,0.00003258,0.00383240,0.00351880
2026-05-23 17:05,POLUSDT,FLAT,1.0000,cascade_v3.1,0.089790,,,,,0.00067431,0.093230,0.089740
2026-05-23 17:05,NEARUSDT,FLAT,1.0000,cascade_v3.1,2.3850,,,,,0.072787,2.3360,1.5790
2026-05-23 17:05,AVAXUSDT,FLAT,1.0000,cascade_v3.1,9.1360,,,,,0.071621,9.5990,8.9320
2026-05-23 17:05,SUIUSDT,FLAT,1.0000,cascade_v3.1,1.0407,,,,,0.013687,1.1641,1.0284
2026-05-23 16:05,TAOUSDT,FLAT,1.0000,cascade_v3.1,272.6800,,,,,3.8224,294.0000,253.7400
2026-05-23 16:05,DOTUSDT,FLAT,1.0000,cascade_v3.1,1.2410,,,,,0.012240,1.3460,1.2120
2026-05-23 16:05,1000SHIBUSDT,FLAT,1.0000,cascade_v3.1,0.00559400,,,,,0.00003951,0.00589200,0.00573300
2026-05-23 16:05,ADAUSDT,FLAT,1.0000,cascade_v3.1,0.242400,,,,,0.00186745,0.254500,0.245400
2026-05-23 16:05,ONDOUSDT,FLAT,1.0000,cascade_v3.1,0.416000,,,,,0.00994662,0.475600,0.332700
2026-05-23 16:05,HBARUSDT,FLAT,1.0000,cascade_v3.1,0.087630,,,,,0.00061166,0.090970,0.087770
2026-05-23 16:05,SOLUSDT,FLAT,1.0000,cascade_v3.1,84.1700,,,,,0.713330,88.0200,85.2600
2026-05-23 16:05,LINKUSDT,FLAT,1.0000,cascade_v3.1,9.3190,,,,,0.069962,10.0310,9.3720
2026-05-23 16:05,DOGEUSDT,FLAT,1.0000,cascade_v3.1,0.100920,,,,,0.00089884,0.106740,0.101810
2026-05-23 16:05,ARBUSDT,FLAT,1.0000,cascade_v3.1,0.107600,,,,,0.00117857,0.115800,0.108300
2026-05-23 16:05,XRPUSDT,FLAT,1.0000,cascade_v3.1,1.3369,,,,,0.00860345,1.3859,1.3503
2026-05-23 16:05,TRXUSDT,FLAT,1.0000,cascade_v3.1,0.359160,,,,,0.00097297,0.366360,0.353560
2026-05-23 16:05,TONUSDT,FLAT,1.0000,cascade_v3.1,1.7670,,,,,0.026310,2.0950,1.9238
2026-05-23 16:05,ETHUSDT,FLAT,1.0000,cascade_v3.1,2061.49,,,,,12.3481,2157.00,2103.51
2026-05-23 16:05,BNBUSDT,FLAT,1.0000,cascade_v3.1,648.2700,,,,,3.1642,664.9500,634.4300
2026-05-23 16:05,1000PEPEUSDT,FLAT,1.0000,cascade_v3.1,0.00357410,,,,,0.00003308,0.00383240,0.00351880
2026-05-23 16:05,POLUSDT,FLAT,1.0000,cascade_v3.1,0.090300,,,,,0.00069682,0.093230,0.089740
2026-05-23 16:05,NEARUSDT,FLAT,1.0000,cascade_v3.1,2.2880,,,,,0.059913,2.3360,1.5790
2026-05-23 16:05,AVAXUSDT,FLAT,1.0000,cascade_v3.1,9.1350,,,,,0.073255,9.5990,8.9320
2026-05-23 16:05,SUIUSDT,FLAT,1.0000,cascade_v3.1,1.0405,,,,,0.013146,1.1641,1.0284
2026-05-23 15:05,TAOUSDT,FLAT,1.0000,cascade_v3.1,270.2700,,,,,3.8985,294.0000,253.7400
2026-05-23 15:05,DOTUSDT,FLAT,1.0000,cascade_v3.1,1.2400,,,,,0.012575,1.3460,1.2120
2026-05-23 15:05,1000SHIBUSDT,FLAT,1.0000,cascade_v3.1,0.00561100,,,,,0.00003920,0.00589200,0.00573300
2026-05-23 15:05,ADAUSDT,FLAT,1.0000,cascade_v3.1,0.242700,,,,,0.00190039,0.254500,0.245400
2026-05-23 15:05,ONDOUSDT,FLAT,1.0000,cascade_v3.1,0.418200,,,,,0.010567,0.475600,0.332700
2026-05-23 15:05,HBARUSDT,FLAT,1.0000,cascade_v3.1,0.087570,,,,,0.00062925,0.090970,0.087770
2026-05-23 15:05,SOLUSDT,FLAT,1.0000,cascade_v3.1,84.0700,,,,,0.703175,88.0200,85.2600
2026-05-23 15:05,LINKUSDT,FLAT,1.0000,cascade_v3.1,9.3270,,,,,0.070284,10.0310,9.3720
2026-05-23 15:05,DOGEUSDT,FLAT,1.0000,cascade_v3.1,0.101130,,,,,0.00088327,0.106740,0.101810
2026-05-23 15:05,ARBUSDT,FLAT,1.0000,cascade_v3.1,0.107200,,,,,0.00120502,0.115800,0.108300
2026-05-23 15:05,XRPUSDT,FLAT,1.0000,cascade_v3.1,1.3387,,,,,0.00841116,1.3859,1.3503
2026-05-23 15:05,TRXUSDT,FLAT,1.0000,cascade_v3.1,0.359220,,,,,0.00094892,0.366360,0.353560
2026-05-23 15:05,TONUSDT,FLAT,1.0000,cascade_v3.1,1.7769,,,,,0.026235,2.0950,1.9238
2026-05-23 15:05,ETHUSDT,FLAT,1.0000,cascade_v3.1,2062.88,,,,,12.4802,2157.00,2103.51
2026-05-23 15:05,BNBUSDT,FLAT,1.0000,cascade_v3.1,647.8000,,,,,3.2977,664.9500,634.4300
2026-05-23 15:05,1000PEPEUSDT,FLAT,1.0000,cascade_v3.1,0.00356130,,,,,0.00003344,0.00383240,0.00351880
2026-05-23 15:05,POLUSDT,FLAT,1.0000,cascade_v3.1,0.090080,,,,,0.00074536,0.093230,0.089740
2026-05-23 15:05,NEARUSDT,FLAT,1.0000,cascade_v3.1,2.1790,,,,,0.053038,2.3360,1.5790
2026-05-23 15:05,AVAXUSDT,FLAT,1.0000,cascade_v3.1,9.1050,,,,,0.074012,9.5990,8.9320
2026-05-23 15:05,SUIUSDT,FLAT,1.0000,cascade_v3.1,1.0371,,,,,0.013308,1.1641,1.0284
2026-05-23 14:05,TAOUSDT,FLAT,1.0000,cascade_v3.1,263.5100,,,,,3.2601,294.0000,253.7400
2026-05-23 14:05,DOTUSDT,FLAT,1.0000,cascade_v3.1,1.2280,,,,,0.012027,1.3460,1.2120
2026-05-23 14:05,1000SHIBUSDT,FLAT,1.0000,cascade_v3.1,0.00555500,,,,,0.00003670,0.00589200,0.00573300
2026-05-23 14:05,ADAUSDT,FLAT,1.0000,cascade_v3.1,0.240300,,,,,0.00175892,0.254500,0.245400
2026-05-23 14:05,ONDOUSDT,FLAT,1.0000,cascade_v3.1,0.401600,,,,,0.00919181,0.475600,0.332700
2026-05-23 14:05,HBARUSDT,FLAT,1.0000,cascade_v3.1,0.086740,,,,,0.00059949,0.090970,0.087770
2026-05-23 14:05,SOLUSDT,FLAT,1.0000,cascade_v3.1,83.0700,,,,,0.607971,88.0200,85.2600
2026-05-23 14:05,LINKUSDT,FLAT,1.0000,cascade_v3.1,9.2460,,,,,0.068328,10.0310,9.3720
2026-05-23 14:05,DOGEUSDT,FLAT,1.0000,cascade_v3.1,0.100310,,,,,0.00085608,0.106740,0.101810
2026-05-23 14:05,ARBUSDT,FLAT,1.0000,cascade_v3.1,0.105700,,,,,0.00112887,0.115800,0.108300
2026-05-23 14:05,XRPUSDT,FLAT,1.0000,cascade_v3.1,1.3318,,,,,0.00833698,1.3859,1.3503
2026-05-23 14:05,TRXUSDT,FLAT,1.0000,cascade_v3.1,0.359120,,,,,0.00104701,0.366360,0.353560
2026-05-23 14:05,TONUSDT,FLAT,1.0000,cascade_v3.1,1.7556,,,,,0.025380,2.0950,1.9238
2026-05-23 14:05,ETHUSDT,FLAT,1.0000,cascade_v3.1,2041.01,,,,,10.8291,2157.00,2103.51
2026-05-23 14:05,BNBUSDT,FLAT,1.0000,cascade_v3.1,642.9000,,,,,3.0326,664.9500,634.4300
2026-05-23 14:05,1000PEPEUSDT,FLAT,1.0000,cascade_v3.1,0.00351720,,,,,0.00003190,0.00383240,0.00351880
2026-05-23 14:05,POLUSDT,FLAT,1.0000,cascade_v3.1,0.089080,,,,,0.00070485,0.093230,0.089740
2026-05-23 14:05,NEARUSDT,FLAT,1.0000,cascade_v3.1,2.1170,,,,,0.047516,2.3360,1.5790
2026-05-23 14:05,AVAXUSDT,FLAT,1.0000,cascade_v3.1,8.9980,,,,,0.068691,9.5990,8.9320
2026-05-23 14:05,SUIUSDT,FLAT,1.0000,cascade_v3.1,1.0163,,,,,0.012248,1.1641,1.0284
2026-05-23 13:05,TAOUSDT,FLAT,1.0000,cascade_v3.1,260.4700,,,,,3.1960,294.0000,253.7400
2026-05-23 13:05,DOTUSDT,FLAT,1.0000,cascade_v3.1,1.2280,,,,,0.012883,1.3460,1.2120
2026-05-23 13:05,1000SHIBUSDT,FLAT,1.0000,cascade_v3.1,0.00552400,,,,,0.00003561,0.00589200,0.00573300
2026-05-23 13:05,ADAUSDT,FLAT,1.0000,cascade_v3.1,0.238500,,,,,0.00164388,0.254500,0.245400
2026-05-23 13:05,ONDOUSDT,FLAT,1.0000,cascade_v3.1,0.401300,,,,,0.00938850,0.475600,0.332700
2026-05-23 13:05,HBARUSDT,FLAT,1.0000,cascade_v3.1,0.086690,,,,,0.00059480,0.090970,0.087770
2026-05-23 13:05,SOLUSDT,FLAT,1.0000,cascade_v3.1,82.7200,,,,,0.588890,88.0200,85.2600
2026-05-23 13:05,LINKUSDT,FLAT,1.0000,cascade_v3.1,9.2090,,,,,0.068881,10.0310,9.3720
2026-05-23 13:05,DOGEUSDT,FLAT,1.0000,cascade_v3.1,0.099410,,,,,0.00080246,0.106740,0.101810
2026-05-23 13:05,ARBUSDT,FLAT,1.0000,cascade_v3.1,0.105000,,,,,0.00114972,0.115800,0.108300
2026-05-23 13:05,XRPUSDT,FLAT,1.0000,cascade_v3.1,1.3290,,,,,0.00855396,1.3859,1.3503
2026-05-23 13:05,TRXUSDT,FLAT,1.0000,cascade_v3.1,0.359210,,,,,0.00115178,0.366360,0.353560
2026-05-23 13:05,TONUSDT,FLAT,1.0000,cascade_v3.1,1.7622,,,,,0.025359,2.0950,1.9238
2026-05-23 13:05,ETHUSDT,FLAT,1.0000,cascade_v3.1,2035.28,,,,,10.7577,2157.00,2103.51
2026-05-23 13:05,BNBUSDT,FLAT,1.0000,cascade_v3.1,641.8200,,,,,3.1303,664.9500,634.4300
2026-05-23 13:05,1000PEPEUSDT,FLAT,1.0000,cascade_v3.1,0.00348920,,,,,0.00002979,0.00383240,0.00351880
2026-05-23 13:05,POLUSDT,FLAT,1.0000,cascade_v3.1,0.088630,,,,,0.00070918,0.093230,0.089740
2026-05-23 13:05,NEARUSDT,FLAT,1.0000,cascade_v3.1,2.1170,,,,,0.048415,2.3360,1.5790
2026-05-23 13:05,AVAXUSDT,FLAT,1.0000,cascade_v3.1,8.9540,,,,,0.068622,9.5990,8.9320
2026-05-23 13:05,SUIUSDT,FLAT,1.0000,cascade_v3.1,1.0114,,,,,0.011699,1.1641,1.0284
2026-05-23 12:05,TAOUSDT,FLAT,1.0000,cascade_v3.1,260.3800,,,,,3.1956,294.0000,253.7400
2026-05-23 12:05,DOTUSDT,FLAT,1.0000,cascade_v3.1,1.2130,,,,,0.012301,1.3460,1.2120
2026-05-23 12:05,1000SHIBUSDT,FLAT,1.0000,cascade_v3.1,0.00551000,,,,,0.00003666,0.00589200,0.00573300
2026-05-23 12:05,ADAUSDT,FLAT,1.0000,cascade_v3.1,0.237900,,,,,0.00171832,0.254500,0.245400
2026-05-23 12:05,ONDOUSDT,FLAT,1.0000,cascade_v3.1,0.390900,,,,,0.00900109,0.475600,0.332700
2026-05-23 12:05,HBARUSDT,FLAT,1.0000,cascade_v3.1,0.085850,,,,,0.00056467,0.090970,0.087770
2026-05-23 12:05,SOLUSDT,FLAT,1.0000,cascade_v3.1,82.2000,,,,,0.573540,88.0200,85.2600
2026-05-23 12:05,LINKUSDT,FLAT,1.0000,cascade_v3.1,9.1780,,,,,0.069129,10.0310,9.3720
2026-05-23 12:05,DOGEUSDT,FLAT,1.0000,cascade_v3.1,0.099140,,,,,0.00084171,0.106740,0.101810
2026-05-23 12:05,ARBUSDT,FLAT,1.0000,cascade_v3.1,0.104900,,,,,0.00120763,0.115800,0.108300
2026-05-23 12:05,XRPUSDT,FLAT,1.0000,cascade_v3.1,1.3240,,,,,0.00883610,1.3859,1.3503
2026-05-23 12:05,TRXUSDT,FLAT,1.0000,cascade_v3.1,0.358970,,,,,0.00119502,0.366360,0.353560
2026-05-23 12:05,TONUSDT,FLAT,1.0000,cascade_v3.1,1.7552,,,,,0.026115,2.0950,1.9238
2026-05-23 12:05,ETHUSDT,FLAT,1.0000,cascade_v3.1,2030.44,,,,,10.7960,2157.00,2103.51
2026-05-23 12:05,BNBUSDT,FLAT,1.0000,cascade_v3.1,640.6400,,,,,3.2296,664.9500,634.4300
2026-05-23 12:05,1000PEPEUSDT,FLAT,1.0000,cascade_v3.1,0.00347750,,,,,0.00003009,0.00383240,0.00351880
2026-05-23 12:05,POLUSDT,FLAT,1.0000,cascade_v3.1,0.087800,,,,,0.00068250,0.093230,0.089740
2026-05-23 12:05,NEARUSDT,FLAT,1.0000,cascade_v3.1,2.0720,,,,,0.044284,2.3360,1.5790
2026-05-23 12:05,AVAXUSDT,FLAT,1.0000,cascade_v3.1,8.8790,,,,,0.068113,9.5990,8.9320
2026-05-23 12:05,SUIUSDT,FLAT,1.0000,cascade_v3.1,1.0025,,,,,0.011748,1.1641,1.0284
