coin,entry_time,exit_time,direction,entry_price,exit_price,tp,sl,rr,bars_held,net_pnl,outcome,lgbm_conf
XRPUSDT,2026-04-01 13:00:00+00:00,2026-04-01 17:00:00+00:00,LONG,1.346973,1.350724,1.367,1.330569,1.22,4,0.0496,GUARDIAN_MOMENTUM_FLOOR,0.7843
LINKUSDT,2026-04-01 13:00:00+00:00,2026-04-01 17:00:00+00:00,LONG,8.953474,8.997499,9.193,8.744703,1.15,4,0.1029,GUARDIAN_EXIT,0.8384
NEARUSDT,2026-04-02 10:00:00+00:00,2026-04-02 15:00:00+00:00,LONG,1.152576,1.155422,1.176322,1.134767,1.33,5,0.0417,GUARDIAN_EXIT,0.7868
BNBUSDT,2026-04-02 13:00:00+00:00,2026-04-03 13:00:00+00:00,LONG,573.896805,586.316695,592.88,566.578416,2.59,24,0.521,GUARDIAN_EXIT,0.7802
DOGEUSDT,2026-04-02 17:00:00+00:00,2026-04-03 12:00:00+00:00,LONG,0.089755,0.091184,0.0915,0.088446,1.33,19,0.3782,GUARDIAN_MOMENTUM_FLOOR,0.7746
TAOUSDT,2026-04-02 17:00:00+00:00,2026-04-02 21:00:00+00:00,LONG,298.419135,299.100375,308.662385,289.709188,1.18,4,0.0371,GUARDIAN_EXIT,0.763
ONDOUSDT,2026-04-02 17:00:00+00:00,2026-04-03 12:00:00+00:00,LONG,0.256928,0.261169,0.264329,0.25055,1.16,19,0.3927,GUARDIAN_MOMENTUM_FLOOR,0.789
TRXUSDT,2026-04-02 20:00:00+00:00,2026-04-04 08:00:00+00:00,LONG,0.314947,0.31479,0.317022,0.311711,0.64,36,-0.0325,TIMEOUT,0.8065
AVAXUSDT,2026-04-02 20:00:00+00:00,2026-04-03 12:00:00+00:00,LONG,8.713354,8.954521,8.895563,8.566448,1.24,16,0.6719,GUARDIAN_MOMENTUM_FLOOR,0.757
ADAUSDT,2026-04-02 21:00:00+00:00,2026-04-03 07:00:00+00:00,LONG,0.23992,0.243278,0.24513,0.233297,0.79,10,0.33,GUARDIAN_MOMENTUM_FLOOR,0.7758
DOTUSDT,2026-04-03 10:00:00+00:00,2026-04-04 10:00:00+00:00,SHORT,1.249375,1.243622,1.229906,1.264867,1.26,24,0.0951,GUARDIAN_EXIT,0.7078
BNBUSDT,2026-04-03 15:00:00+00:00,2026-04-04 17:00:00+00:00,SHORT,586.86642,592.345044,580.550341,592.04902,1.22,26,-0.2534,LOSS,0.7565
SOLUSDT,2026-04-03 19:00:00+00:00,2026-04-05 06:00:00+00:00,SHORT,80.11992,79.589775,78.881697,81.209556,1.14,35,0.1454,GUARDIAN_EXIT,0.7121
ADAUSDT,2026-04-03 21:00:00+00:00,2026-04-04 10:00:00+00:00,SHORT,0.248276,0.244622,0.243585,0.252473,1.12,13,0.3479,GUARDIAN_MOMENTUM_FLOOR,0.7129
NEARUSDT,2026-04-04 00:00:00+00:00,2026-04-04 07:00:00+00:00,SHORT,1.209395,1.226467,1.189979,1.225854,1.18,7,-0.3729,LOSS,0.7082
TAOUSDT,2026-04-04 00:00:00+00:00,2026-04-04 14:00:00+00:00,SHORT,311.26429,305.302575,304.066442,317.299462,1.19,14,0.4588,GUARDIAN_MOMENTUM_FLOOR,0.722
SUIUSDT,2026-04-04 07:00:00+00:00,2026-04-04 14:00:00+00:00,SHORT,0.870664,0.866833,0.860568,0.880224,1.06,7,0.09,GUARDIAN_MOMENTUM_FLOOR,0.7255
DOTUSDT,2026-04-04 16:00:00+00:00,2026-04-04 19:00:00+00:00,LONG,1.248624,1.254372,1.264669,1.234989,1.18,3,0.0951,GUARDIAN_MOMENTUM_FLOOR,0.7576
TONUSDT,2026-04-04 19:00:00+00:00,2026-04-05 05:00:00+00:00,LONG,1.232716,1.242079,1.243944,1.222693,1.12,10,0.1699,GUARDIAN_MOMENTUM_FLOOR,0.7736
ADAUSDT,2026-04-04 22:00:00+00:00,2026-04-05 11:00:00+00:00,SHORT,0.247676,0.242421,0.244126,0.250788,1.14,13,0.5104,GUARDIAN_MOMENTUM_FLOOR,0.7319
1000SHIBUSDT,2026-04-04 22:00:00+00:00,2026-04-05 13:00:00+00:00,SHORT,0.00597,0.005849,0.005895,0.006074,0.72,15,0.4871,GUARDIAN_MOMENTUM_FLOOR,0.7098
1000PEPEUSDT,2026-04-04 22:00:00+00:00,2026-04-05 15:00:00+00:00,SHORT,0.003399,0.003336,0.003349,0.003469,0.72,17,0.4436,GUARDIAN_MOMENTUM_FLOOR,0.7108
BTCUSDT,2026-04-05 12:00:00+00:00,2026-04-05 15:00:00+00:00,LONG,66784.7757,67238.5639,67188.516206,66474.564874,1.3,3,0.1499,GUARDIAN_MOMENTUM_FLOOR,0.823
BNBUSDT,2026-04-05 15:00:00+00:00,2026-04-05 23:00:00+00:00,SHORT,593.08331,598.129908,586.753066,597.830993,1.33,8,-0.2327,LOSS,0.7818
XRPUSDT,2026-04-05 15:00:00+00:00,2026-04-05 22:00:00+00:00,SHORT,1.295052,1.310453,1.275391,1.309798,1.33,7,-0.3173,LOSS,0.8152
DOGEUSDT,2026-04-05 15:00:00+00:00,2026-04-05 23:00:00+00:00,SHORT,0.090575,0.091518,0.089377,0.091473,1.33,8,-0.2805,LOSS,0.7061
SUIUSDT,2026-04-05 15:00:00+00:00,2026-04-05 23:00:00+00:00,SHORT,0.848775,0.860683,0.834562,0.860253,1.24,8,-0.3062,LOSS,0.7089
ARBUSDT,2026-04-05 15:00:00+00:00,2026-04-05 22:00:00+00:00,SHORT,0.090855,0.092071,0.089294,0.092025,1.33,7,-0.3548,LOSS,0.7327
ONDOUSDT,2026-04-05 18:00:00+00:00,2026-04-05 22:00:00+00:00,SHORT,0.249975,0.253369,0.246203,0.253243,1.15,4,-0.3595,LOSS,0.729
1000SHIBUSDT,2026-04-05 20:00:00+00:00,2026-04-06 01:00:00+00:00,LONG,0.005836,0.006009,0.005907,0.005773,1.13,5,0.7214,GUARDIAN_MOMENTUM_FLOOR,0.8868
1000PEPEUSDT,2026-04-05 20:00:00+00:00,2026-04-06 03:00:00+00:00,LONG,0.003332,0.003537,0.003386,0.003275,0.95,7,1.5156,GUARDIAN_MOMENTUM_FLOOR,0.9082
AVAXUSDT,2026-04-05 21:00:00+00:00,2026-04-06 06:00:00+00:00,LONG,8.858427,9.388304,8.976185,8.711561,0.8,9,1.4754,GUARDIAN_MOMENTUM_FLOOR,0.8659
HBARUSDT,2026-04-05 21:00:00+00:00,2026-04-06 00:00:00+00:00,LONG,0.086673,0.087956,0.087623,0.085763,1.04,3,0.35,GUARDIAN_MOMENTUM_FLOOR,0.7991
ADAUSDT,2026-04-05 22:00:00+00:00,2026-04-06 07:00:00+00:00,LONG,0.246423,0.254972,0.250924,0.238975,0.6,9,0.8473,GUARDIAN_MOMENTUM_FLOOR,0.7525
BTCUSDT,2026-04-06 20:00:00+00:00,2026-04-06 23:00:00+00:00,SHORT,69744.5103,68852.30895,68856.913339,70554.39924,1.1,3,0.2998,GUARDIAN_MOMENTUM_FLOOR,0.8514
ETHUSDT,2026-04-06 20:00:00+00:00,2026-04-06 23:00:00+00:00,SHORT,2146.516205,2107.19307,2112.466052,2177.622538,1.09,3,0.438,GUARDIAN_MOMENTUM_FLOOR,0.7096
1000SHIBUSDT,2026-04-07 04:00:00+00:00,2026-04-07 12:00:00+00:00,SHORT,0.005879,0.005817,0.005794,0.005986,0.79,8,0.2443,GUARDIAN_MOMENTUM_FLOOR,0.7344
ONDOUSDT,2026-04-07 09:00:00+00:00,2026-04-07 12:00:00+00:00,SHORT,0.254273,0.252426,0.249852,0.258205,1.12,3,0.1616,GUARDIAN_MOMENTUM_FLOOR,0.7327
ADAUSDT,2026-04-07 16:00:00+00:00,2026-04-07 20:00:00+00:00,LONG,0.242121,0.245777,0.246218,0.238676,1.19,4,0.3575,GUARDIAN_MOMENTUM_FLOOR,0.8793
1000SHIBUSDT,2026-04-07 16:00:00+00:00,2026-04-07 17:00:00+00:00,LONG,0.005825,0.005898,0.005906,0.005756,1.17,1,0.2939,GUARDIAN_MOMENTUM_FLOOR,0.909
SUIUSDT,2026-04-07 16:00:00+00:00,2026-04-08 14:00:00+00:00,LONG,0.866033,0.921539,0.8858,0.853273,1.55,22,1.5823,GUARDIAN_MOMENTUM_FLOOR,0.8429
NEARUSDT,2026-04-07 16:00:00+00:00,2026-04-07 23:00:00+00:00,LONG,1.238619,1.308346,1.265181,1.218359,1.31,7,1.3873,GUARDIAN_MOMENTUM_FLOOR,0.8066
1000PEPEUSDT,2026-04-07 16:00:00+00:00,2026-04-08 11:00:00+00:00,LONG,0.00336,0.003651,0.003427,0.003297,1.06,19,2.1467,GUARDIAN_MOMENTUM_FLOOR,0.9275
ARBUSDT,2026-04-07 16:00:00+00:00,2026-04-08 14:00:00+00:00,LONG,0.093747,0.09985,0.0958,0.092317,1.44,22,1.6076,GUARDIAN_MOMENTUM_FLOOR,0.8048
ETHUSDT,2026-04-07 17:00:00+00:00,2026-04-08 14:00:00+00:00,LONG,2099.339145,2193.632635,2140.986348,2047.598199,0.8,21,1.1029,GUARDIAN_MOMENTUM_FLOOR,0.8303
LINKUSDT,2026-04-07 20:00:00+00:00,2026-04-08 02:00:00+00:00,LONG,8.728362,9.1944,8.90814,8.521055,0.87,6,1.3148,GUARDIAN_MOMENTUM_FLOOR,0.916
BTCUSDT,2026-04-08 17:00:00+00:00,2026-04-09 01:00:00+00:00,SHORT,71811.57625,70935.45,70635.169955,73152.601574,0.88,8,0.285,GUARDIAN_MOMENTUM_FLOOR,0.8494
ETHUSDT,2026-04-08 17:00:00+00:00,2026-04-09 03:00:00+00:00,SHORT,2229.58465,2182.400655,2181.055313,2281.782334,0.93,10,0.5091,GUARDIAN_MOMENTUM_FLOOR,0.8151
DOGEUSDT,2026-04-08 17:00:00+00:00,2026-04-09 09:00:00+00:00,SHORT,0.093933,0.091946,0.092232,0.096005,0.82,16,0.5089,GUARDIAN_MOMENTUM_FLOOR,0.7787
LINKUSDT,2026-04-08 17:00:00+00:00,2026-04-09 15:00:00+00:00,SHORT,9.093451,8.94447,8.915983,9.315367,0.8,22,0.3896,GUARDIAN_MOMENTUM_FLOOR,0.8476
ARBUSDT,2026-04-09 00:00:00+00:00,2026-04-09 21:00:00+00:00,SHORT,0.102049,0.10502,0.098158,0.104967,1.33,21,-0.3901,LOSS,0.7962
TONUSDT,2026-04-09 12:00:00+00:00,2026-04-09 16:00:00+00:00,LONG,1.223411,1.281459,1.241404,1.209917,1.33,4,1.1662,GUARDIAN_MOMENTUM_FLOOR,0.9305
HBARUSDT,2026-04-09 13:00:00+00:00,2026-04-09 16:00:00+00:00,LONG,0.088314,0.089475,0.08975,0.087289,1.4,3,0.3087,GUARDIAN_MOMENTUM_FLOOR,0.8304
TONUSDT,2026-04-10 04:00:00+00:00,2026-04-10 14:00:00+00:00,LONG,1.256428,1.275162,1.284633,1.226949,0.96,10,0.3528,GUARDIAN_MOMENTUM_FLOOR,0.7705
SUIUSDT,2026-04-10 09:00:00+00:00,2026-04-10 18:00:00+00:00,SHORT,0.935932,0.952858,0.913999,0.952381,1.33,9,-0.4721,LOSS,0.7012
ARBUSDT,2026-04-10 09:00:00+00:00,2026-04-10 22:00:00+00:00,SHORT,0.110245,0.113631,0.105805,0.113575,1.33,13,-0.788,LOSS,0.8076
DOGEUSDT,2026-04-10 12:00:00+00:00,2026-04-10 14:00:00+00:00,SHORT,0.092754,0.093807,0.091412,0.09376,1.33,2,-0.3039,LOSS,0.7535
POLUSDT,2026-04-10 12:00:00+00:00,2026-04-12 00:00:00+00:00,SHORT,0.085067,0.08511,0.083224,0.087291,0.83,36,-0.0325,TIMEOUT,0.8186
DOGEUSDT,2026-04-10 14:00:00+00:00,2026-04-11 14:00:00+00:00,SHORT,0.093923,0.092636,0.09192,0.095118,1.68,24,0.3225,GUARDIAN_EXIT,0.7894
TONUSDT,2026-04-10 14:00:00+00:00,2026-04-11 01:00:00+00:00,LONG,1.276438,1.304248,1.302478,1.24509,0.83,11,0.5247,GUARDIAN_MOMENTUM_FLOOR,0.7531
TRXUSDT,2026-04-11 12:00:00+00:00,2026-04-11 22:00:00+00:00,LONG,0.318139,0.318741,0.31954,0.317088,1.33,10,0.0273,GUARDIAN_MOMENTUM_FLOOR,0.7996
1000PEPEUSDT,2026-04-11 20:00:00+00:00,2026-04-12 20:00:00+00:00,SHORT,0.003718,0.003499,0.003526,0.003816,1.97,24,1.4544,GUARDIAN_MOMENTUM_EXIT,0.7041
ETHUSDT,2026-04-12 00:00:00+00:00,2026-04-12 20:00:00+00:00,SHORT,2283.41772,2213.36613,2245.22,2339.534978,0.68,20,0.747,GUARDIAN_MOMENTUM_FLOOR,0.8896
TAOUSDT,2026-04-12 00:00:00+00:00,2026-04-12 01:00:00+00:00,SHORT,272.30378,264.482175,261.301195,283.940646,0.95,1,0.6981,GUARDIAN_MOMENTUM_FLOOR,0.7162
BNBUSDT,2026-04-12 10:00:00+00:00,2026-04-13 05:00:00+00:00,SHORT,593.46312,597.995207,587.818802,597.696358,1.33,19,-0.2109,LOSS,0.7334
TONUSDT,2026-04-12 12:00:00+00:00,2026-04-13 12:00:00+00:00,SHORT,1.44008,1.408104,1.387636,1.486411,1.13,24,0.5351,GUARDIAN_EXIT,0.7488
1000SHIBUSDT,2026-04-12 21:00:00+00:00,2026-04-12 23:00:00+00:00,SHORT,0.005803,0.00576,0.005736,0.005854,1.33,2,0.1662,GUARDIAN_MOMENTUM_FLOOR,0.7389
HBARUSDT,2026-04-12 21:00:00+00:00,2026-04-13 05:00:00+00:00,SHORT,0.085937,0.085483,0.084867,0.086857,1.16,8,0.1122,GUARDIAN_MOMENTUM_FLOOR,0.7212
XRPUSDT,2026-04-12 22:00:00+00:00,2026-04-13 13:00:00+00:00,SHORT,1.326736,1.338229,1.312304,1.337561,1.33,15,-0.2366,LOSS,0.7113
DOGEUSDT,2026-04-13 00:00:00+00:00,2026-04-13 14:00:00+00:00,SHORT,0.091234,0.092143,0.090084,0.092097,1.33,14,-0.2691,LOSS,0.7439
SOLUSDT,2026-04-13 01:00:00+00:00,2026-04-13 13:00:00+00:00,SHORT,82.23886,83.265744,80.925165,83.224132,1.33,12,-0.3322,LOSS,0.7125
SUIUSDT,2026-04-13 06:00:00+00:00,2026-04-13 13:00:00+00:00,SHORT,0.907246,0.917413,0.894302,0.916954,1.33,7,-0.3002,LOSS,0.7223
DOTUSDT,2026-04-13 13:00:00+00:00,2026-04-15 01:00:00+00:00,SHORT,1.175412,1.176,1.133702,1.238428,0.66,36,-0.0538,TIMEOUT,0.8388
1000SHIBUSDT,2026-04-13 16:00:00+00:00,2026-04-13 20:00:00+00:00,LONG,0.005762,0.005826,0.005845,0.005699,1.33,4,0.2586,GUARDIAN_MOMENTUM_FLOOR,0.7946
DOGEUSDT,2026-04-13 17:00:00+00:00,2026-04-13 20:00:00+00:00,LONG,0.091566,0.092444,0.093148,0.090264,1.22,3,0.2197,GUARDIAN_MOMENTUM_FLOOR,0.7777
HBARUSDT,2026-04-13 18:00:00+00:00,2026-04-14 00:00:00+00:00,LONG,0.085143,0.086717,0.086621,0.08394,1.23,6,0.4422,GUARDIAN_MOMENTUM_FLOOR,0.7745
TAOUSDT,2026-04-13 19:00:00+00:00,2026-04-14 08:00:00+00:00,SHORT,257.53117,252.276075,249.542194,266.087244,0.93,13,0.0589,GUARDIAN_MOMENTUM_FLOOR,0.7119
TRXUSDT,2026-04-14 02:00:00+00:00,2026-04-14 17:00:00+00:00,SHORT,0.32066,0.322162,0.318935,0.322001,1.29,15,-0.1372,LOSS,0.7348
DOGEUSDT,2026-04-14 04:00:00+00:00,2026-04-14 11:00:00+00:00,LONG,0.093377,0.094233,0.0948,0.092054,1.08,7,0.2092,GUARDIAN_MOMENTUM_FLOOR,0.7727
1000SHIBUSDT,2026-04-15 01:00:00+00:00,2026-04-16 02:00:00+00:00,SHORT,0.005867,0.00599,0.005762,0.005987,0.87,25,-0.5447,LOSS,0.7586
LINKUSDT,2026-04-15 01:00:00+00:00,2026-04-15 17:00:00+00:00,SHORT,9.072462,9.21956,8.912652,9.214952,1.12,16,-0.4253,LOSS,0.7195
DOGEUSDT,2026-04-16 12:00:00+00:00,2026-04-16 14:00:00+00:00,SHORT,0.096632,0.095438,0.09447,0.098412,1.21,2,0.2889,GUARDIAN_MOMENTUM_FLOOR,0.7144
TRXUSDT,2026-04-16 12:00:00+00:00,2026-04-17 11:00:00+00:00,SHORT,0.326217,0.324162,0.324601,0.327784,1.03,23,0.1375,GUARDIAN_MOMENTUM_FLOOR,0.7403
SUIUSDT,2026-04-16 12:00:00+00:00,2026-04-16 14:00:00+00:00,SHORT,0.976112,0.966583,0.953402,0.995478,1.17,2,0.224,GUARDIAN_MOMENTUM_FLOOR,0.7948
1000PEPEUSDT,2026-04-16 12:00:00+00:00,2026-04-17 16:00:00+00:00,SHORT,0.00384,0.004076,0.003692,0.004074,0.63,28,-0.8595,LOSS,0.7706
AVAXUSDT,2026-04-16 14:00:00+00:00,2026-04-16 20:00:00+00:00,LONG,9.403699,9.690152,9.655516,9.214837,1.33,6,0.7415,GUARDIAN_MOMENTUM_FLOOR,0.7995
LINKUSDT,2026-04-16 14:00:00+00:00,2026-04-16 16:00:00+00:00,LONG,9.234615,9.333331,9.438194,9.081931,1.33,2,0.2472,GUARDIAN_MOMENTUM_FLOOR,0.7648
BTCUSDT,2026-04-16 16:00:00+00:00,2026-04-17 10:00:00+00:00,LONG,74177.6703,75192.08515,75513.353533,72922.879192,1.06,18,0.3219,GUARDIAN_MOMENTUM_FLOOR,0.8655
TAOUSDT,2026-04-16 17:00:00+00:00,2026-04-17 02:00:00+00:00,LONG,237.728805,251.29429,246.088509,231.459027,1.33,9,1.4066,GUARDIAN_MOMENTUM_FLOOR,0.8072
AVAXUSDT,2026-04-17 00:00:00+00:00,2026-04-17 07:00:00+00:00,SHORT,9.685155,9.627811,9.404,9.952506,1.05,7,0.128,GUARDIAN_EXIT,0.7164
NEARUSDT,2026-04-17 08:00:00+00:00,2026-04-17 11:00:00+00:00,SHORT,1.423288,1.394697,1.388206,1.449599,1.33,3,0.4822,GUARDIAN_MOMENTUM_FLOOR,0.7223
SOLUSDT,2026-04-17 12:00:00+00:00,2026-04-17 16:00:00+00:00,SHORT,88.77559,90.222681,86.906254,90.177592,1.33,4,-0.4275,LOSS,0.7724
ARBUSDT,2026-04-17 12:00:00+00:00,2026-04-18 12:00:00+00:00,SHORT,0.135832,0.129365,0.1275,0.14005,1.98,24,1.1703,GUARDIAN_MOMENTUM_EXIT,0.8406
AVAXUSDT,2026-04-17 13:00:00+00:00,2026-04-18 13:00:00+00:00,SHORT,9.888054,9.389692,9.441,10.094309,2.17,24,1.24,GUARDIAN_MOMENTUM_EXIT,0.8089
HBARUSDT,2026-04-17 13:00:00+00:00,2026-04-17 16:00:00+00:00,SHORT,0.093063,0.092906,0.0885,0.094798,2.63,3,0.0222,GUARDIAN_EXIT,0.7374
NEARUSDT,2026-04-18 05:00:00+00:00,2026-04-18 13:00:00+00:00,LONG,1.403702,1.381341,1.432594,1.382032,1.33,8,-0.4182,LOSS,0.804
ARBUSDT,2026-04-19 00:00:00+00:00,2026-04-19 04:00:00+00:00,SHORT,0.127836,0.127464,0.124625,0.130403,1.25,4,0.0528,GUARDIAN_EXIT,0.7951
TRXUSDT,2026-04-19 05:00:00+00:00,2026-04-19 10:00:00+00:00,LONG,0.328484,0.331164,0.330116,0.326662,0.9,5,0.184,GUARDIAN_MOMENTUM_FLOOR,0.8077
AVAXUSDT,2026-04-19 11:00:00+00:00,2026-04-20 00:00:00+00:00,SHORT,9.232382,9.077536,9.08365,9.356183,1.2,13,0.3993,GUARDIAN_MOMENTUM_FLOOR,0.7035
LINKUSDT,2026-04-19 16:00:00+00:00,2026-04-19 22:00:00+00:00,SHORT,9.21639,9.075536,9.04666,9.412432,0.87,6,0.3621,GUARDIAN_MOMENTUM_FLOOR,0.7185
ARBUSDT,2026-04-19 16:00:00+00:00,2026-04-20 00:00:00+00:00,SHORT,0.126337,0.123462,0.123235,0.128975,1.18,8,0.5489,GUARDIAN_MOMENTUM_FLOOR,0.7441
ONDOUSDT,2026-04-19 16:00:00+00:00,2026-04-20 00:00:00+00:00,SHORT,0.256472,0.252126,0.250869,0.262601,0.91,8,0.4036,GUARDIAN_MOMENTUM_FLOOR,0.7191
POLUSDT,2026-04-19 18:00:00+00:00,2026-04-19 22:00:00+00:00,LONG,0.089905,0.087922,0.091722,0.087966,0.94,4,-0.5715,LOSS,0.8141
BNBUSDT,2026-04-19 19:00:00+00:00,2026-04-20 00:00:00+00:00,SHORT,622.878405,620.460075,616.312578,630.261457,0.89,5,0.0771,GUARDIAN_MOMENTUM_FLOOR,0.7097
TAOUSDT,2026-04-19 21:00:00+00:00,2026-04-21 09:00:00+00:00,SHORT,242.63862,242.759939,236.393736,251.881221,0.68,36,-0.0449,TIMEOUT,0.7421
DOTUSDT,2026-04-20 01:00:00+00:00,2026-04-20 07:00:00+00:00,LONG,1.251625,1.262368,1.277543,1.226521,1.03,6,0.1946,GUARDIAN_MOMENTUM_FLOOR,0.782
ARBUSDT,2026-04-20 02:00:00+00:00,2026-04-20 08:00:00+00:00,LONG,0.124662,0.125837,0.128651,0.120103,0.87,6,0.2156,GUARDIAN_EXIT,0.8647
BNBUSDT,2026-04-20 05:00:00+00:00,2026-04-20 07:00:00+00:00,LONG,619.36953,624.717485,625.397225,613.633076,1.05,2,0.1959,GUARDIAN_MOMENTUM_FLOOR,0.7832
LINKUSDT,2026-04-20 08:00:00+00:00,2026-04-20 20:00:00+00:00,SHORT,9.161417,9.340722,8.985203,9.336054,1.01,12,-0.5093,LOSS,0.7683
ADAUSDT,2026-04-21 00:00:00+00:00,2026-04-21 17:00:00+00:00,SHORT,0.248676,0.246423,0.244335,0.252485,1.14,17,0.2064,GUARDIAN_MOMENTUM_FLOOR,0.7346
DOTUSDT,2026-04-21 00:00:00+00:00,2026-04-21 20:00:00+00:00,SHORT,1.28036,1.268634,1.256787,1.299893,1.21,20,0.2089,GUARDIAN_MOMENTUM_FLOOR,0.7104
SUIUSDT,2026-04-21 00:00:00+00:00,2026-04-21 17:00:00+00:00,SHORT,0.948026,0.938369,0.932124,0.959952,1.33,17,0.2347,GUARDIAN_MOMENTUM_FLOOR,0.7134
DOGEUSDT,2026-04-21 01:00:00+00:00,2026-04-21 17:00:00+00:00,SHORT,0.095312,0.094427,0.094058,0.096364,1.19,16,0.2122,GUARDIAN_MOMENTUM_FLOOR,0.7048
BTCUSDT,2026-04-21 05:00:00+00:00,2026-04-21 08:00:00+00:00,LONG,75798.6804,76424.1688,76568.417481,75050.06573,1.03,3,0.1863,GUARDIAN_MOMENTUM_FLOOR,0.752
BNBUSDT,2026-04-21 22:00:00+00:00,2026-04-22 16:00:00+00:00,LONG,629.584635,644.61753,636.6423,623.355584,1.13,18,0.5769,GUARDIAN_MOMENTUM_FLOOR,0.8258
XRPUSDT,2026-04-21 22:00:00+00:00,2026-04-22 16:00:00+00:00,LONG,1.422111,1.445477,1.44359,1.40493,1.25,18,0.3908,GUARDIAN_MOMENTUM_FLOOR,0.7884
ARBUSDT,2026-04-22 08:00:00+00:00,2026-04-22 17:00:00+00:00,SHORT,0.128436,0.131381,0.1239,0.131315,1.58,9,-0.3324,LOSS,0.7285
HBARUSDT,2026-04-22 15:00:00+00:00,2026-04-23 09:00:00+00:00,LONG,0.092676,0.090188,0.094302,0.090234,0.67,18,-0.6911,LOSS,0.7607
LINKUSDT,2026-04-23 08:00:00+00:00,2026-04-23 15:00:00+00:00,SHORT,9.219388,9.34259,9.107703,9.337921,0.94,7,-0.3541,LOSS,0.736
TRXUSDT,2026-04-23 09:00:00+00:00,2026-04-24 15:00:00+00:00,LONG,0.328144,0.325326,0.330509,0.325489,0.89,30,-0.2347,LOSS,0.8026
SUIUSDT,2026-04-23 11:00:00+00:00,2026-04-24 00:00:00+00:00,SHORT,0.937431,0.949546,0.92191,0.949072,1.33,13,-0.1958,LOSS,0.7348
HBARUSDT,2026-04-23 16:00:00+00:00,2026-04-24 20:00:00+00:00,SHORT,0.090525,0.091668,0.089238,0.091622,1.17,28,-0.3356,LOSS,0.7081
NEARUSDT,2026-04-23 17:00:00+00:00,2026-04-24 01:00:00+00:00,SHORT,1.387306,1.410522,1.357292,1.409817,1.33,8,-0.4384,LOSS,0.7039
BTCUSDT,2026-04-23 20:00:00+00:00,2026-04-25 08:00:00+00:00,LONG,77880.22065,77841.28054,79008.607233,76618.003354,0.89,36,-0.0325,TIMEOUT,0.7757
SOLUSDT,2026-04-23 20:00:00+00:00,2026-04-24 20:00:00+00:00,LONG,85.58277,86.786585,86.831528,84.107811,0.85,24,0.3317,GUARDIAN_MOMENTUM_EXIT,0.8234
1000SHIBUSDT,2026-04-24 02:00:00+00:00,2026-04-24 15:00:00+00:00,SHORT,0.006143,0.006217,0.006058,0.006214,1.19,13,-0.3229,LOSS,0.7031
POLUSDT,2026-04-24 05:00:00+00:00,2026-04-24 11:00:00+00:00,SHORT,0.094033,0.095285,0.092525,0.095237,1.25,6,-0.3528,LOSS,0.7415
1000PEPEUSDT,2026-04-24 05:00:00+00:00,2026-04-25 16:00:00+00:00,SHORT,0.003834,0.003817,0.003747,0.003907,1.21,35,0.0959,GUARDIAN_EXIT,0.7022
ARBUSDT,2026-04-24 08:00:00+00:00,2026-04-25 01:00:00+00:00,SHORT,0.128736,0.131733,0.125266,0.131667,1.18,17,-0.6021,LOSS,0.71
XRPUSDT,2026-04-24 14:00:00+00:00,2026-04-26 01:00:00+00:00,LONG,1.433316,1.418127,1.45037,1.418837,1.18,35,-0.2849,LOSS,0.857
TONUSDT,2026-04-24 16:00:00+00:00,2026-04-24 21:00:00+00:00,LONG,1.315257,1.33913,1.338757,1.286925,0.83,5,0.4338,GUARDIAN_MOMENTUM_FLOOR,0.8884
TRXUSDT,2026-04-24 23:00:00+00:00,2026-04-26 11:00:00+00:00,SHORT,0.322769,0.32293,0.31868,0.326076,1.24,36,-0.0325,TIMEOUT,0.7799
1000SHIBUSDT,2026-04-25 08:00:00+00:00,2026-04-25 23:00:00+00:00,SHORT,0.00623,0.006172,0.006156,0.006303,1.02,15,0.2119,GUARDIAN_MOMENTUM_FLOOR,0.8358
DOTUSDT,2026-04-25 08:00:00+00:00,2026-04-25 23:00:00+00:00,SHORT,1.265367,1.246623,1.245793,1.280048,1.33,15,0.3503,GUARDIAN_MOMENTUM_FLOOR,0.7351
SOLUSDT,2026-04-25 09:00:00+00:00,2026-04-25 16:00:00+00:00,SHORT,86.486735,85.88292,85.760177,87.101639,1.18,7,0.1545,GUARDIAN_MOMENTUM_FLOOR,0.776
ARBUSDT,2026-04-25 09:00:00+00:00,2026-04-25 22:00:00+00:00,SHORT,0.131634,0.128664,0.1285,0.133961,1.35,13,0.544,GUARDIAN_MOMENTUM_FLOOR,0.786
HBARUSDT,2026-04-25 09:00:00+00:00,2026-04-25 20:00:00+00:00,SHORT,0.091884,0.090915,0.09059,0.092681,1.62,11,0.2435,GUARDIAN_MOMENTUM_FLOOR,0.7171
ADAUSDT,2026-04-25 13:00:00+00:00,2026-04-25 20:00:00+00:00,SHORT,0.251774,0.249825,0.248581,0.254598,1.13,7,0.1735,GUARDIAN_MOMENTUM_FLOOR,0.727
SOLUSDT,2026-04-26 12:00:00+00:00,2026-04-26 19:00:00+00:00,LONG,86.093025,86.79658,86.785833,85.573419,1.33,7,0.1843,GUARDIAN_MOMENTUM_FLOOR,0.7697
NEARUSDT,2026-04-27 01:00:00+00:00,2026-04-27 23:00:00+00:00,SHORT,1.410294,1.364682,1.378,1.427184,1.91,22,0.7886,GUARDIAN_MOMENTUM_FLOOR,0.7046
BTCUSDT,2026-04-27 04:00:00+00:00,2026-04-27 09:00:00+00:00,SHORT,78843.1587,77895.02805,77777.0,79702.160171,1.24,5,0.2806,GUARDIAN_MOMENTUM_FLOOR,0.8323
ETHUSDT,2026-04-27 04:00:00+00:00,2026-04-27 23:00:00+00:00,SHORT,2380.72904,2303.43114,2346.254159,2412.60872,1.08,19,0.7917,GUARDIAN_MOMENTUM_FLOOR,0.8044
BNBUSDT,2026-04-27 04:00:00+00:00,2026-04-27 20:00:00+00:00,SHORT,637.02133,624.562125,631.598339,641.735748,1.15,16,0.469,GUARDIAN_MOMENTUM_FLOOR,0.7024
DOGEUSDT,2026-04-27 04:00:00+00:00,2026-04-27 11:00:00+00:00,SHORT,0.0999,0.098489,0.098347,0.101064,1.33,7,0.3331,GUARDIAN_MOMENTUM_FLOOR,0.746
ADAUSDT,2026-04-27 04:00:00+00:00,2026-04-27 14:00:00+00:00,SHORT,0.252874,0.247724,0.248886,0.255864,1.33,10,0.4891,GUARDIAN_MOMENTUM_FLOOR,0.8562
AVAXUSDT,2026-04-27 04:00:00+00:00,2026-04-27 22:00:00+00:00,SHORT,9.489253,9.222609,9.358142,9.587586,1.33,18,0.6825,GUARDIAN_MOMENTUM_FLOOR,0.8078
DOTUSDT,2026-04-27 04:00:00+00:00,2026-04-27 23:00:00+00:00,SHORT,1.266366,1.231616,1.246378,1.281358,1.33,19,0.666,GUARDIAN_MOMENTUM_FLOOR,0.8414
SUIUSDT,2026-04-27 04:00:00+00:00,2026-04-27 14:00:00+00:00,SHORT,0.957221,0.934467,0.9369,0.968582,1.79,10,0.5743,GUARDIAN_MOMENTUM_FLOOR,0.8605
HBARUSDT,2026-04-27 04:00:00+00:00,2026-04-27 12:00:00+00:00,SHORT,0.092444,0.091045,0.09126,0.093466,1.16,8,0.3581,GUARDIAN_MOMENTUM_FLOOR,0.8191
1000SHIBUSDT,2026-04-27 05:00:00+00:00,2026-04-27 22:00:00+00:00,SHORT,0.006143,0.00612,0.006026,0.006262,0.98,17,0.0731,GUARDIAN_EXIT,0.7052
LINKUSDT,2026-04-27 05:00:00+00:00,2026-04-27 17:00:00+00:00,SHORT,9.344326,9.218607,9.182096,9.575557,0.7,12,0.3163,GUARDIAN_MOMENTUM_FLOOR,0.7056
ARBUSDT,2026-04-27 05:00:00+00:00,2026-04-27 16:00:00+00:00,SHORT,0.127336,0.124562,0.123636,0.131825,0.82,11,0.5246,GUARDIAN_MOMENTUM_FLOOR,0.8324
TAOUSDT,2026-04-27 12:00:00+00:00,2026-04-27 17:00:00+00:00,SHORT,250.684595,247.133505,245.609237,258.228839,0.67,5,0.3341,GUARDIAN_MOMENTUM_FLOOR,0.7691
DOGEUSDT,2026-04-27 14:00:00+00:00,2026-04-27 16:00:00+00:00,SHORT,0.098701,0.097489,0.097209,0.100883,0.68,2,0.287,GUARDIAN_MOMENTUM_FLOOR,0.8731
DOGEUSDT,2026-04-27 20:00:00+00:00,2026-04-28 04:00:00+00:00,SHORT,0.097951,0.099644,0.096454,0.099594,0.91,8,-0.4521,LOSS,0.7953
ADAUSDT,2026-04-27 20:00:00+00:00,2026-04-29 08:00:00+00:00,SHORT,0.245377,0.2455,0.241748,0.249507,0.88,36,-0.0325,TIMEOUT,0.7403
1000PEPEUSDT,2026-04-27 21:00:00+00:00,2026-04-29 04:00:00+00:00,SHORT,0.00382,0.003927,0.00374,0.003925,0.76,31,-0.7173,LOSS,0.705
LINKUSDT,2026-04-27 22:00:00+00:00,2026-04-29 10:00:00+00:00,SHORT,9.253371,9.257998,9.138966,9.397601,0.79,36,-0.0325,TIMEOUT,0.7035
ARBUSDT,2026-04-27 22:00:00+00:00,2026-04-28 14:00:00+00:00,SHORT,0.125637,0.124162,0.123098,0.127735,1.21,16,0.2735,GUARDIAN_MOMENTUM_FLOOR,0.7356
ETHUSDT,2026-04-28 09:00:00+00:00,2026-04-29 06:00:00+00:00,LONG,2282.5407,2322.648095,2310.436789,2259.565978,1.21,21,0.4193,GUARDIAN_MOMENTUM_FLOOR,0.7947
NEARUSDT,2026-04-28 13:00:00+00:00,2026-04-28 16:00:00+00:00,SHORT,1.354322,1.337668,1.335609,1.370678,1.14,3,0.2874,GUARDIAN_MOMENTUM_FLOOR,0.8527
AVAXUSDT,2026-04-28 20:00:00+00:00,2026-04-29 04:00:00+00:00,SHORT,9.171412,9.259928,9.05956,9.255301,1.33,8,-0.2613,LOSS,0.7047
ARBUSDT,2026-04-29 00:00:00+00:00,2026-04-29 12:00:00+00:00,LONG,0.124362,0.127836,0.126389,0.122493,1.08,12,0.6783,GUARDIAN_MOMENTUM_FLOOR,0.9052
TONUSDT,2026-04-29 08:00:00+00:00,2026-04-29 11:00:00+00:00,LONG,1.321761,1.347626,1.340807,1.292038,0.64,3,0.4692,GUARDIAN_MOMENTUM_FLOOR,0.8339
SOLUSDT,2026-04-29 12:00:00+00:00,2026-04-29 17:00:00+00:00,SHORT,84.1579,83.351655,83.050835,85.316766,0.96,5,0.2195,GUARDIAN_MOMENTUM_FLOOR,0.7414
BNBUSDT,2026-04-29 12:00:00+00:00,2026-04-29 17:00:00+00:00,SHORT,623.76796,620.47008,618.831824,630.044034,0.79,5,0.1122,GUARDIAN_MOMENTUM_FLOOR,0.7435
ADAUSDT,2026-04-29 12:00:00+00:00,2026-04-29 17:00:00+00:00,SHORT,0.248776,0.244922,0.244654,0.251866,1.33,5,0.3672,GUARDIAN_MOMENTUM_FLOOR,0.721
1000SHIBUSDT,2026-04-29 12:00:00+00:00,2026-04-29 17:00:00+00:00,SHORT,0.006317,0.006162,0.006135,0.006453,1.33,5,0.5925,GUARDIAN_MOMENTUM_FLOOR,0.8042
AVAXUSDT,2026-04-29 12:00:00+00:00,2026-04-29 17:00:00+00:00,SHORT,9.250373,9.18459,9.088783,9.394397,1.12,5,0.1578,GUARDIAN_MOMENTUM_FLOOR,0.7767
LINKUSDT,2026-04-29 12:00:00+00:00,2026-04-29 17:00:00+00:00,SHORT,9.266365,9.151574,9.129993,9.431093,0.83,5,0.2897,GUARDIAN_MOMENTUM_FLOOR,0.7074
DOTUSDT,2026-04-29 12:00:00+00:00,2026-04-29 17:00:00+00:00,SHORT,1.234383,1.217608,1.21163,1.252688,1.24,5,0.3197,GUARDIAN_MOMENTUM_FLOOR,0.7538
SUIUSDT,2026-04-29 12:00:00+00:00,2026-04-29 17:00:00+00:00,SHORT,0.921739,0.909054,0.907555,0.941246,0.73,5,0.324,GUARDIAN_MOMENTUM_FLOOR,0.8692
1000PEPEUSDT,2026-04-29 12:00:00+00:00,2026-04-29 17:00:00+00:00,SHORT,0.003956,0.003875,0.003807,0.004067,1.33,5,0.4893,GUARDIAN_MOMENTUM_FLOOR,0.889
ARBUSDT,2026-04-29 12:00:00+00:00,2026-04-29 17:00:00+00:00,SHORT,0.127836,0.126163,0.124225,0.130545,1.33,5,0.3072,GUARDIAN_MOMENTUM_FLOOR,0.8512
ONDOUSDT,2026-04-29 12:00:00+00:00,2026-04-29 17:00:00+00:00,SHORT,0.266667,0.262431,0.26197,0.270189,1.33,5,0.3771,GUARDIAN_MOMENTUM_FLOOR,0.7307
POLUSDT,2026-04-29 17:00:00+00:00,2026-04-29 18:00:00+00:00,SHORT,0.092944,0.091376,0.090319,0.094912,1.33,1,0.4017,GUARDIAN_MOMENTUM_FLOOR,0.918
AVAXUSDT,2026-04-29 18:00:00+00:00,2026-05-01 06:00:00+00:00,SHORT,9.05447,9.058998,8.830884,9.403897,0.64,36,-0.0325,TIMEOUT,0.744
ARBUSDT,2026-04-29 21:00:00+00:00,2026-04-30 21:00:00+00:00,SHORT,0.124838,0.123962,0.120427,0.131703,0.64,24,0.1553,GUARDIAN_EXIT,0.7122
TAOUSDT,2026-04-30 00:00:00+00:00,2026-04-30 15:00:00+00:00,SHORT,252.45371,250.08498,246.588144,259.236392,0.86,15,0.2146,GUARDIAN_MOMENTUM_FLOOR,0.7686
DOGEUSDT,2026-04-30 04:00:00+00:00,2026-05-01 13:00:00+00:00,SHORT,0.104908,0.109482,0.100599,0.109427,0.95,33,-1.1101,LOSS,0.7678
XRPUSDT,2026-04-30 08:00:00+00:00,2026-05-01 12:00:00+00:00,LONG,1.372786,1.382009,1.391325,1.353365,0.95,28,0.148,GUARDIAN_EXIT,0.783
DOTUSDT,2026-04-30 08:00:00+00:00,2026-05-01 13:00:00+00:00,LONG,1.209604,1.221389,1.231983,1.189405,1.11,29,0.2236,GUARDIAN_EXIT,0.7837
POLUSDT,2026-04-30 08:00:00+00:00,2026-04-30 13:00:00+00:00,LONG,0.093987,0.094663,0.095944,0.092381,1.22,5,0.1597,GUARDIAN_MOMENTUM_FLOOR,0.7519
SUIUSDT,2026-04-30 09:00:00+00:00,2026-05-01 09:00:00+00:00,LONG,0.907854,0.912743,0.922652,0.8945,1.11,24,0.1146,GUARDIAN_EXIT,0.7533
NEARUSDT,2026-04-30 09:00:00+00:00,2026-04-30 16:00:00+00:00,LONG,1.325662,1.307979,1.34713,1.308633,1.26,7,-0.3535,LOSS,0.7527
ONDOUSDT,2026-04-30 09:00:00+00:00,2026-05-01 06:00:00+00:00,LONG,0.263632,0.264768,0.268916,0.257079,0.81,21,0.0877,GUARDIAN_EXIT,0.8087
SOLUSDT,2026-04-30 11:00:00+00:00,2026-05-01 13:00:00+00:00,SHORT,82.93851,84.313143,81.81448,84.271007,0.84,26,-0.4344,LOSS,0.7481
BNBUSDT,2026-04-30 12:00:00+00:00,2026-05-01 03:00:00+00:00,LONG,615.96783,618.480605,620.795239,612.347273,1.33,15,0.082,GUARDIAN_MOMENTUM_FLOOR,0.8323
TRXUSDT,2026-04-30 21:00:00+00:00,2026-05-02 03:00:00+00:00,SHORT,0.326147,0.327283,0.32485,0.32712,1.33,30,-0.1071,LOSS,0.749
ADAUSDT,2026-05-01 03:00:00+00:00,2026-05-02 15:00:00+00:00,LONG,0.248724,0.2486,0.252102,0.244256,0.76,36,-0.0325,TIMEOUT,0.7839
1000SHIBUSDT,2026-05-01 08:00:00+00:00,2026-05-02 08:00:00+00:00,SHORT,0.006326,0.006235,0.006217,0.006414,1.23,24,0.3385,GUARDIAN_EXIT,0.8441
BTCUSDT,2026-05-01 12:00:00+00:00,2026-05-01 14:00:00+00:00,LONG,77886.1236,78273.74355,78646.581753,76643.585462,0.61,2,0.1044,GUARDIAN_MOMENTUM_FLOOR,0.754
NEARUSDT,2026-05-01 12:00:00+00:00,2026-05-01 18:00:00+00:00,SHORT,1.302348,1.293646,1.28463,1.31643,1.26,6,0.147,GUARDIAN_MOMENTUM_FLOOR,0.714
ONDOUSDT,2026-05-01 13:00:00+00:00,2026-05-01 17:00:00+00:00,LONG,0.269034,0.271164,0.273532,0.262976,0.74,4,0.1779,GUARDIAN_MOMENTUM_FLOOR,0.7614
DOGEUSDT,2026-05-01 21:00:00+00:00,2026-05-02 06:00:00+00:00,SHORT,0.109295,0.108054,0.107323,0.110993,1.16,9,0.2639,GUARDIAN_MOMENTUM_FLOOR,0.7226
SUIUSDT,2026-05-02 00:00:00+00:00,2026-05-02 21:00:00+00:00,LONG,0.919259,0.928436,0.930075,0.909496,1.11,21,0.2296,GUARDIAN_MOMENTUM_FLOOR,0.7609
HBARUSDT,2026-05-02 03:00:00+00:00,2026-05-02 21:00:00+00:00,LONG,0.088024,0.088726,0.088757,0.087437,1.25,18,0.1793,GUARDIAN_MOMENTUM_FLOOR,0.7738
AVAXUSDT,2026-05-02 12:00:00+00:00,2026-05-02 17:00:00+00:00,LONG,9.081538,9.130432,9.150134,9.030092,1.33,5,0.1146,GUARDIAN_MOMENTUM_FLOOR,0.8782
POLUSDT,2026-05-03 01:00:00+00:00,2026-05-03 17:00:00+00:00,LONG,0.097089,0.096153,0.098271,0.096201,1.33,16,-0.2608,LOSS,0.7946
SUIUSDT,2026-05-03 09:00:00+00:00,2026-05-04 01:00:00+00:00,SHORT,0.918441,0.930372,0.910014,0.929907,0.73,16,-0.3448,LOSS,0.7725
TAOUSDT,2026-05-03 11:00:00+00:00,2026-05-04 10:00:00+00:00,SHORT,287.806025,284.432145,280.477291,294.082183,1.17,23,0.2731,GUARDIAN_MOMENTUM_FLOOR,0.7132
1000PEPEUSDT,2026-05-03 12:00:00+00:00,2026-05-04 01:00:00+00:00,SHORT,0.003952,0.004011,0.003897,0.004009,0.96,13,-0.3913,LOSS,0.7341
SOLUSDT,2026-05-04 00:00:00+00:00,2026-05-04 06:00:00+00:00,LONG,83.791875,84.787585,84.806828,83.03066,1.33,6,0.2771,GUARDIAN_MOMENTUM_FLOOR,0.8367
ADAUSDT,2026-05-04 00:00:00+00:00,2026-05-04 05:00:00+00:00,LONG,0.249024,0.252874,0.25243,0.24647,1.33,5,0.3664,GUARDIAN_MOMENTUM_FLOOR,0.7922
DOTUSDT,2026-05-04 00:00:00+00:00,2026-05-04 06:00:00+00:00,LONG,1.210605,1.244378,1.232155,1.194443,1.33,6,0.6774,GUARDIAN_MOMENTUM_FLOOR,0.7746
BTCUSDT,2026-05-04 01:00:00+00:00,2026-05-05 01:00:00+00:00,LONG,79795.77795,80270.74455,80853.093222,78249.871182,0.68,24,0.1288,GUARDIAN_EXIT,0.787
BNBUSDT,2026-05-04 01:00:00+00:00,2026-05-04 04:00:00+00:00,LONG,622.961325,632.853415,628.780188,617.035284,0.98,3,0.377,GUARDIAN_MOMENTUM_FLOOR,0.7862
AVAXUSDT,2026-05-04 01:00:00+00:00,2026-05-04 05:00:00+00:00,LONG,9.199598,9.310342,9.375757,9.00596,0.91,4,0.281,GUARDIAN_MOMENTUM_FLOOR,0.7574
SUIUSDT,2026-05-04 01:00:00+00:00,2026-05-04 04:00:00+00:00,LONG,0.930565,0.945227,0.946264,0.915875,1.07,3,0.3739,GUARDIAN_MOMENTUM_FLOOR,0.7906
HBARUSDT,2026-05-04 01:00:00+00:00,2026-05-05 08:00:00+00:00,LONG,0.088504,0.089095,0.089734,0.087383,1.1,31,0.147,GUARDIAN_EXIT,0.7593
SOLUSDT,2026-05-04 08:00:00+00:00,2026-05-04 10:00:00+00:00,SHORT,84.67764,84.042,83.29,86.168272,0.93,2,0.1677,GUARDIAN_MOMENTUM_FLOOR,0.8832
ETHUSDT,2026-05-04 08:00:00+00:00,2026-05-05 20:00:00+00:00,SHORT,2357.870475,2359.04941,2308.1,2408.09786,0.99,36,-0.0911,TIMEOUT,0.8188
XRPUSDT,2026-05-04 08:00:00+00:00,2026-05-04 14:00:00+00:00,SHORT,1.409995,1.408104,1.3822,1.424693,1.89,6,0.0135,GUARDIAN_EXIT,0.7608
ADAUSDT,2026-05-04 08:00:00+00:00,2026-05-04 10:00:00+00:00,SHORT,0.251274,0.248324,0.2471,0.255925,0.9,2,0.2735,GUARDIAN_MOMENTUM_FLOOR,0.7772
1000SHIBUSDT,2026-05-04 08:00:00+00:00,2026-05-04 10:00:00+00:00,SHORT,0.006241,0.006165,0.006124,0.006376,0.87,2,0.2836,GUARDIAN_MOMENTUM_FLOOR,0.743
SUIUSDT,2026-05-04 08:00:00+00:00,2026-05-04 14:00:00+00:00,SHORT,0.937431,0.937268,0.9121,0.962268,1.02,6,-0.0157,GUARDIAN_EXIT,0.711
POLUSDT,2026-05-04 08:00:00+00:00,2026-05-04 21:00:00+00:00,SHORT,0.096122,0.097836,0.094655,0.097787,0.88,13,-0.4657,LOSS,0.7781
NEARUSDT,2026-05-04 09:00:00+00:00,2026-05-04 14:00:00+00:00,SHORT,1.282358,1.279639,1.255844,1.318629,0.73,5,0.033,GUARDIAN_MOMENTUM_FLOOR,0.9255
ARBUSDT,2026-05-04 09:00:00+00:00,2026-05-04 14:00:00+00:00,SHORT,0.117741,0.116958,0.114792,0.121237,0.84,5,0.1462,GUARDIAN_MOMENTUM_FLOOR,0.8977
AVAXUSDT,2026-05-04 10:00:00+00:00,2026-05-04 15:00:00+00:00,LONG,9.117556,9.133431,9.377,8.928157,1.37,5,0.0235,GUARDIAN_EXIT,0.8275
1000PEPEUSDT,2026-05-04 10:00:00+00:00,2026-05-04 15:00:00+00:00,LONG,0.003969,0.003998,0.004129,0.003874,1.69,5,0.1666,GUARDIAN_EXIT,0.8049
ADAUSDT,2026-05-04 13:00:00+00:00,2026-05-05 07:00:00+00:00,SHORT,0.249775,0.256224,0.245392,0.256096,0.69,18,-0.6655,LOSS,0.8042
TONUSDT,2026-05-04 14:00:00+00:00,2026-05-04 20:00:00+00:00,SHORT,1.452873,1.489098,1.3613,1.488354,2.58,6,-0.3465,LOSS,0.8358
NEARUSDT,2026-05-04 14:00:00+00:00,2026-05-04 17:00:00+00:00,SHORT,1.27836,1.277638,1.24372,1.304341,1.33,3,-0.0059,GUARDIAN_EXIT,0.788
XRPUSDT,2026-05-04 16:00:00+00:00,2026-05-05 17:00:00+00:00,LONG,1.4006,1.407096,1.425865,1.378384,1.14,25,0.096,GUARDIAN_EXIT,0.7753
1000PEPEUSDT,2026-05-04 19:00:00+00:00,2026-05-05 14:00:00+00:00,LONG,0.004009,0.004093,0.004121,0.003925,1.33,19,0.4997,GUARDIAN_MOMENTUM_FLOOR,0.7812
TAOUSDT,2026-05-04 19:00:00+00:00,2026-05-05 01:00:00+00:00,SHORT,282.048905,288.917355,273.557031,288.772968,1.26,6,-0.6288,LOSS,0.7001
NEARUSDT,2026-05-04 20:00:00+00:00,2026-05-05 20:00:00+00:00,SHORT,1.268366,1.290827,1.239277,1.290182,1.33,24,-0.4627,LOSS,0.7553
AVAXUSDT,2026-05-04 21:00:00+00:00,2026-05-05 10:00:00+00:00,SHORT,9.222386,9.392496,9.001833,9.387802,1.33,13,-0.4811,LOSS,0.7669
SUIUSDT,2026-05-04 21:00:00+00:00,2026-05-05 10:00:00+00:00,SHORT,0.935532,0.950005,0.916867,0.94953,1.33,13,-0.4068,LOSS,0.7214
SUIUSDT,2026-05-05 12:00:00+00:00,2026-05-06 01:00:00+00:00,SHORT,0.970015,0.98271,0.9382,0.982219,2.61,13,-0.2156,LOSS,0.753
SOLUSDT,2026-05-05 13:00:00+00:00,2026-05-05 22:00:00+00:00,LONG,85.62279,86.49673,86.574024,84.152192,0.65,9,0.2352,GUARDIAN_MOMENTUM_FLOOR,0.764
ETHUSDT,2026-05-05 20:00:00+00:00,2026-05-06 09:00:00+00:00,SHORT,2380.179315,2407.308091,2351.27916,2406.105039,1.11,13,-0.3049,LOSS,0.7005
ONDOUSDT,2026-05-06 03:00:00+00:00,2026-05-06 15:00:00+00:00,LONG,0.32036,0.328236,0.332475,0.310071,1.18,12,0.2811,GUARDIAN_MOMENTUM_FLOOR,0.7529
1000PEPEUSDT,2026-05-06 07:00:00+00:00,2026-05-06 14:00:00+00:00,SHORT,0.004213,0.004136,0.004101,0.004296,1.33,7,0.4341,GUARDIAN_MOMENTUM_FLOOR,0.7336
DOGEUSDT,2026-05-06 12:00:00+00:00,2026-05-06 13:00:00+00:00,SHORT,0.115952,0.112766,0.11361,0.117816,1.26,1,0.6668,GUARDIAN_MOMENTUM_FLOOR,0.7432
ETHUSDT,2026-05-06 13:00:00+00:00,2026-05-07 05:00:00+00:00,SHORT,2366.17632,2331.355095,2326.238492,2396.129691,1.33,16,0.3479,GUARDIAN_MOMENTUM_FLOOR,0.8615
BNBUSDT,2026-05-06 16:00:00+00:00,2026-05-08 04:00:00+00:00,LONG,650.375025,650.049837,664.72,635.515503,0.97,36,-0.0325,TIMEOUT,0.8201
1000SHIBUSDT,2026-05-06 20:00:00+00:00,2026-05-07 02:00:00+00:00,SHORT,0.006391,0.00632,0.006282,0.006543,0.71,6,0.2564,GUARDIAN_MOMENTUM_FLOOR,0.7302
TONUSDT,2026-05-06 21:00:00+00:00,2026-05-07 02:00:00+00:00,SHORT,2.41819,2.639235,2.184126,2.637916,1.07,5,-2.3052,LOSS,0.7099
XRPUSDT,2026-05-07 08:00:00+00:00,2026-05-08 08:00:00+00:00,SHORT,1.414892,1.387894,1.398694,1.429049,1.14,24,0.457,GUARDIAN_MOMENTUM_EXIT,0.723
TONUSDT,2026-05-07 08:00:00+00:00,2026-05-07 13:00:00+00:00,SHORT,2.683558,2.486543,2.391108,2.980912,0.98,5,1.8154,GUARDIAN_MOMENTUM_FLOOR,0.7781
SOLUSDT,2026-05-07 12:00:00+00:00,2026-05-07 23:00:00+00:00,SHORT,89.65515,88.4442,87.64,90.763531,1.82,11,0.3177,GUARDIAN_MOMENTUM_FLOOR,0.7358
POLUSDT,2026-05-07 12:00:00+00:00,2026-05-07 17:00:00+00:00,SHORT,0.09964,0.098549,0.098286,0.100656,1.33,5,0.2537,GUARDIAN_MOMENTUM_FLOOR,0.8245
ADAUSDT,2026-05-07 13:00:00+00:00,2026-05-07 17:00:00+00:00,SHORT,0.265867,0.262631,0.26082,0.269962,1.23,4,0.2843,GUARDIAN_MOMENTUM_FLOOR,0.7583
DOTUSDT,2026-05-07 13:00:00+00:00,2026-05-08 04:00:00+00:00,SHORT,1.316342,1.313656,1.285499,1.339474,1.33,15,0.031,GUARDIAN_EXIT,0.8306
1000PEPEUSDT,2026-05-07 13:00:00+00:00,2026-05-07 17:00:00+00:00,SHORT,0.00419,0.004152,0.004077,0.004278,1.29,4,0.2063,GUARDIAN_EXIT,0.9271
HBARUSDT,2026-05-07 13:00:00+00:00,2026-05-07 15:00:00+00:00,SHORT,0.090605,0.089585,0.089133,0.091858,1.17,2,0.2614,GUARDIAN_MOMENTUM_FLOOR,0.8194
ONDOUSDT,2026-05-07 13:00:00+00:00,2026-05-08 04:00:00+00:00,SHORT,0.361219,0.36018,0.3219,0.378648,2.26,15,0.0519,GUARDIAN_EXIT,0.8177
ARBUSDT,2026-05-07 16:00:00+00:00,2026-05-08 08:00:00+00:00,SHORT,0.126037,0.131604,0.121483,0.131538,0.83,16,-1.1243,LOSS,0.7344
AVAXUSDT,2026-05-07 18:00:00+00:00,2026-05-08 14:00:00+00:00,SHORT,9.492252,9.697618,9.305165,9.692772,0.93,20,-0.5609,LOSS,0.7028
DOGEUSDT,2026-05-08 08:00:00+00:00,2026-05-08 20:00:00+00:00,LONG,0.107013,0.108576,0.108703,0.105268,0.97,12,0.345,GUARDIAN_MOMENTUM_FLOOR,0.7817
SUIUSDT,2026-05-08 09:00:00+00:00,2026-05-09 09:00:00+00:00,LONG,0.977589,1.048775,0.996231,0.952239,0.74,24,1.8005,GUARDIAN_MOMENTUM_FLOOR,0.7727
TRXUSDT,2026-05-08 13:00:00+00:00,2026-05-09 07:00:00+00:00,LONG,0.349094,0.350745,0.35181,0.346439,1.02,18,0.0982,GUARDIAN_MOMENTUM_FLOOR,0.7533
ETHUSDT,2026-05-09 12:00:00+00:00,2026-05-09 15:00:00+00:00,SHORT,2314.46219,2317.67826,2299.576504,2328.231422,1.08,3,-0.0547,GUARDIAN_MOMENTUM_FLOOR,0.7024
DOGEUSDT,2026-05-09 20:00:00+00:00,2026-05-10 02:00:00+00:00,SHORT,0.109275,0.108594,0.10801,0.110936,0.76,6,0.1358,GUARDIAN_MOMENTUM_FLOOR,0.7108
TONUSDT,2026-05-10 00:00:00+00:00,2026-05-10 04:00:00+00:00,LONG,2.411505,2.510444,2.5456,2.325378,1.56,4,1.0057,GUARDIAN_MOMENTUM_FLOOR,0.7668
TAOUSDT,2026-05-10 00:00:00+00:00,2026-05-10 02:00:00+00:00,LONG,307.383615,312.00392,312.152161,303.807206,1.33,2,0.3558,GUARDIAN_MOMENTUM_FLOOR,0.7698
TONUSDT,2026-05-10 06:00:00+00:00,2026-05-10 14:00:00+00:00,SHORT,2.509445,2.427213,2.385725,2.63573,0.98,8,0.7992,GUARDIAN_MOMENTUM_FLOOR,0.7351
SUIUSDT,2026-05-10 14:00:00+00:00,2026-05-10 23:00:00+00:00,LONG,1.145973,1.331334,1.193134,1.07861,0.7,9,4.0238,GUARDIAN_MOMENTUM_FLOOR,0.7747
DOGEUSDT,2026-05-10 20:00:00+00:00,2026-05-11 00:00:00+00:00,LONG,0.107944,0.110395,0.110917,0.105714,1.33,4,0.5476,GUARDIAN_MOMENTUM_FLOOR,0.897
TRXUSDT,2026-05-10 20:00:00+00:00,2026-05-11 01:00:00+00:00,SHORT,0.351014,0.350025,0.349046,0.352772,1.12,5,0.0505,GUARDIAN_MOMENTUM_FLOOR,0.764
AVAXUSDT,2026-05-10 20:00:00+00:00,2026-05-11 00:00:00+00:00,LONG,10.087041,10.144925,10.411941,9.843366,1.33,4,0.1235,GUARDIAN_EXIT,0.798
BTCUSDT,2026-05-10 21:00:00+00:00,2026-05-11 00:00:00+00:00,LONG,80714.337,81389.58485,81587.9,80116.420315,1.46,3,0.1891,GUARDIAN_MOMENTUM_FLOOR,0.7564
HBARUSDT,2026-05-10 23:00:00+00:00,2026-05-12 11:00:00+00:00,LONG,0.097509,0.09746,0.100583,0.093851,0.84,36,-0.0325,TIMEOUT,0.7956
BTCUSDT,2026-05-11 00:00:00+00:00,2026-05-12 07:00:00+00:00,SHORT,81389.58485,80849.6046,80162.269983,82310.071,1.33,31,0.1459,GUARDIAN_EXIT,0.8493
1000SHIBUSDT,2026-05-11 03:00:00+00:00,2026-05-11 18:00:00+00:00,LONG,0.006502,0.00659,0.00667,0.006366,1.23,15,0.3162,GUARDIAN_MOMENTUM_FLOOR,0.7703
ADAUSDT,2026-05-11 06:00:00+00:00,2026-05-12 13:00:00+00:00,LONG,0.278239,0.272035,0.285157,0.272171,1.14,31,-0.3319,LOSS,0.7748
AVAXUSDT,2026-05-11 09:00:00+00:00,2026-05-12 18:00:00+00:00,SHORT,10.139928,9.828912,9.932418,10.304877,1.26,33,0.2524,GUARDIAN_MOMENTUM_FLOOR,0.7499
ARBUSDT,2026-05-11 09:00:00+00:00,2026-05-11 15:00:00+00:00,SHORT,0.142429,0.142071,0.138571,0.145764,1.16,6,0.0428,GUARDIAN_EXIT,0.7121
POLUSDT,2026-05-11 13:00:00+00:00,2026-05-11 17:00:00+00:00,SHORT,0.103918,0.102491,0.102312,0.105321,1.14,4,0.3233,GUARDIAN_MOMENTUM_FLOOR,0.7275
DOGEUSDT,2026-05-11 16:00:00+00:00,2026-05-12 11:00:00+00:00,SHORT,0.111094,0.109435,0.108605,0.113352,1.1,19,0.3535,GUARDIAN_MOMENTUM_FLOOR,0.7816
TAOUSDT,2026-05-11 21:00:00+00:00,2026-05-12 10:00:00+00:00,LONG,321.030435,313.48783,330.878145,313.644652,1.33,13,-0.6074,LOSS,0.7899
POLUSDT,2026-05-12 00:00:00+00:00,2026-05-12 02:00:00+00:00,SHORT,0.102719,0.101901,0.101372,0.103729,1.33,2,0.179,GUARDIAN_MOMENTUM_FLOOR,0.7387
NEARUSDT,2026-05-12 04:00:00+00:00,2026-05-12 08:00:00+00:00,LONG,1.534767,1.563218,1.572267,1.493625,0.91,4,0.4434,GUARDIAN_MOMENTUM_FLOOR,0.8796
1000SHIBUSDT,2026-05-12 05:00:00+00:00,2026-05-12 18:00:00+00:00,SHORT,0.006575,0.006403,0.006475,0.00666,1.17,13,0.6322,GUARDIAN_MOMENTUM_FLOOR,0.7068
POLUSDT,2026-05-12 05:00:00+00:00,2026-05-12 14:00:00+00:00,SHORT,0.101989,0.10038,0.100432,0.103649,0.94,9,0.3744,GUARDIAN_MOMENTUM_FLOOR,0.7863
TONUSDT,2026-05-12 08:00:00+00:00,2026-05-12 14:00:00+00:00,SHORT,2.437581,2.349074,2.313596,2.530569,1.33,6,0.8877,GUARDIAN_MOMENTUM_FLOOR,0.7371
LINKUSDT,2026-05-12 12:00:00+00:00,2026-05-12 17:00:00+00:00,SHORT,10.310842,10.24412,10.126044,10.567199,0.72,5,0.1418,GUARDIAN_MOMENTUM_FLOOR,0.7968
XRPUSDT,2026-05-12 18:00:00+00:00,2026-05-13 04:00:00+00:00,SHORT,1.434582,1.461515,1.411444,1.460785,0.88,10,-0.4893,LOSS,0.7013
AVAXUSDT,2026-05-12 18:00:00+00:00,2026-05-13 02:00:00+00:00,SHORT,9.819088,9.974092,9.630657,9.969108,1.26,8,-0.4147,LOSS,0.7215
SOLUSDT,2026-05-12 20:00:00+00:00,2026-05-13 12:00:00+00:00,SHORT,94.65265,93.156555,93.219365,95.878321,1.17,16,0.3752,GUARDIAN_MOMENTUM_FLOOR,0.7182
ADAUSDT,2026-05-12 21:00:00+00:00,2026-05-13 09:00:00+00:00,SHORT,0.271564,0.276415,0.2666,0.276277,1.05,12,-0.4666,LOSS,0.7491
POLUSDT,2026-05-13 00:00:00+00:00,2026-05-13 11:00:00+00:00,LONG,0.09961,0.09994,0.10154,0.098061,1.25,11,0.0629,GUARDIAN_EXIT,0.7771
ONDOUSDT,2026-05-13 08:00:00+00:00,2026-05-13 15:00:00+00:00,LONG,0.4005,0.384244,0.413155,0.384436,0.79,7,-0.7334,LOSS,0.7654
1000SHIBUSDT,2026-05-13 10:00:00+00:00,2026-05-13 20:00:00+00:00,SHORT,0.00649,0.006296,0.006384,0.006582,1.14,10,0.7258,GUARDIAN_MOMENTUM_FLOOR,0.7005
TRXUSDT,2026-05-13 16:00:00+00:00,2026-05-14 15:00:00+00:00,LONG,0.350285,0.353773,0.352481,0.348071,0.99,23,0.2289,GUARDIAN_MOMENTUM_FLOOR,0.7632
BNBUSDT,2026-05-13 20:00:00+00:00,2026-05-15 00:00:00+00:00,SHORT,672.333665,683.513175,662.647306,683.17159,0.89,28,-0.4357,LOSS,0.8059
NEARUSDT,2026-05-14 00:00:00+00:00,2026-05-14 05:00:00+00:00,SHORT,1.586206,1.56178,1.537677,1.625132,1.25,5,0.365,GUARDIAN_MOMENTUM_FLOOR,0.7169
AVAXUSDT,2026-05-14 08:00:00+00:00,2026-05-14 20:00:00+00:00,LONG,9.703849,9.979008,9.851658,9.589048,1.29,12,0.6889,GUARDIAN_MOMENTUM_FLOOR,0.8345
1000PEPEUSDT,2026-05-14 08:00:00+00:00,2026-05-14 20:00:00+00:00,LONG,0.004041,0.004142,0.004118,0.003981,1.29,12,0.6056,GUARDIAN_MOMENTUM_FLOOR,0.8018
ETHUSDT,2026-05-14 09:00:00+00:00,2026-05-14 19:00:00+00:00,LONG,2257.778325,2296.27129,2284.460123,2230.37955,0.97,10,0.4062,GUARDIAN_MOMENTUM_FLOOR,0.7567
1000SHIBUSDT,2026-05-14 09:00:00+00:00,2026-05-14 20:00:00+00:00,LONG,0.006268,0.006411,0.006362,0.006187,1.17,11,0.549,GUARDIAN_MOMENTUM_FLOOR,0.8149
DOTUSDT,2026-05-14 09:00:00+00:00,2026-05-14 20:00:00+00:00,LONG,1.323661,1.389305,1.348554,1.304992,1.33,11,1.2198,GUARDIAN_MOMENTUM_FLOOR,0.7776
TONUSDT,2026-05-14 12:00:00+00:00,2026-05-15 01:00:00+00:00,LONG,2.096548,2.101649,2.17713,2.028554,1.19,13,0.0408,GUARDIAN_EXIT,0.7721
SUIUSDT,2026-05-14 12:00:00+00:00,2026-05-14 16:00:00+00:00,LONG,1.202501,1.211494,1.234422,1.17702,1.25,4,0.167,GUARDIAN_EXIT,0.7714
SOLUSDT,2026-05-14 13:00:00+00:00,2026-05-14 20:00:00+00:00,LONG,90.775365,92.643655,92.150131,89.466308,1.05,7,0.4945,GUARDIAN_MOMENTUM_FLOOR,0.8081
DOGEUSDT,2026-05-14 14:00:00+00:00,2026-05-14 18:00:00+00:00,SHORT,0.114853,0.117312,0.111651,0.117254,1.33,4,-0.5554,LOSS,0.7325
DOGEUSDT,2026-05-15 08:00:00+00:00,2026-05-15 13:00:00+00:00,LONG,0.115298,0.111778,0.118401,0.111834,0.9,5,-0.7831,LOSS,0.7658
SUIUSDT,2026-05-15 19:00:00+00:00,2026-05-16 06:00:00+00:00,LONG,1.10125,1.072514,1.1341,1.07305,1.16,11,-0.6724,LOSS,0.764
TRXUSDT,2026-05-16 05:00:00+00:00,2026-05-16 11:00:00+00:00,LONG,0.351416,0.351664,0.352993,0.350233,1.33,6,-0.0023,GUARDIAN_MOMENTUM_FLOOR,0.7916
POLUSDT,2026-05-16 13:00:00+00:00,2026-05-17 00:00:00+00:00,LONG,0.089575,0.090775,0.09127,0.087738,0.92,11,0.3149,GUARDIAN_MOMENTUM_FLOOR,0.8052
BNBUSDT,2026-05-16 16:00:00+00:00,2026-05-17 16:00:00+00:00,SHORT,656.841415,652.275975,648.936037,664.356345,1.05,24,0.1538,GUARDIAN_EXIT,0.7745
TONUSDT,2026-05-16 17:00:00+00:00,2026-05-17 03:00:00+00:00,SHORT,1.930834,1.90195,1.878609,1.975856,1.16,10,0.354,GUARDIAN_MOMENTUM_FLOOR,0.7004
NEARUSDT,2026-05-16 17:00:00+00:00,2026-05-17 06:00:00+00:00,SHORT,1.49925,1.523553,1.468082,1.522792,1.32,13,-0.2622,LOSS,0.7223
TAOUSDT,2026-05-17 05:00:00+00:00,2026-05-17 23:00:00+00:00,LONG,271.41564,264.200529,277.20486,264.332695,0.82,18,-0.6846,LOSS,0.811
HBARUSDT,2026-05-17 09:00:00+00:00,2026-05-17 18:00:00+00:00,SHORT,0.091554,0.090815,0.090742,0.092213,1.23,9,0.1817,GUARDIAN_MOMENTUM_FLOOR,0.7185
ARBUSDT,2026-05-17 12:00:00+00:00,2026-05-17 13:00:00+00:00,SHORT,0.121339,0.11986,0.1191,0.122833,1.5,1,0.2848,GUARDIAN_MOMENTUM_FLOOR,0.7495
LINKUSDT,2026-05-17 13:00:00+00:00,2026-05-17 14:00:00+00:00,SHORT,9.7951,9.721858,9.671195,9.888029,1.33,1,0.1669,GUARDIAN_MOMENTUM_FLOOR,0.7457
BTCUSDT,2026-05-17 20:00:00+00:00,2026-05-17 23:00:00+00:00,SHORT,78190.885,77469.1152,77718.868289,78633.704178,1.07,3,0.2108,GUARDIAN_MOMENTUM_FLOOR,0.7498
ETHUSDT,2026-05-17 20:00:00+00:00,2026-05-17 23:00:00+00:00,SHORT,2187.1059,2130.94494,2170.639059,2201.52671,1.14,3,0.622,GUARDIAN_MOMENTUM_FLOOR,0.8391
BNBUSDT,2026-05-17 20:00:00+00:00,2026-05-17 23:00:00+00:00,SHORT,654.57255,650.074875,649.404245,659.122076,1.14,3,0.1518,GUARDIAN_MOMENTUM_FLOOR,0.8353
LINKUSDT,2026-05-17 20:00:00+00:00,2026-05-17 23:00:00+00:00,SHORT,9.724136,9.56578,9.601319,9.864704,0.87,3,0.3871,GUARDIAN_MOMENTUM_FLOOR,0.7921
DOTUSDT,2026-05-17 20:00:00+00:00,2026-05-17 23:00:00+00:00,SHORT,1.272364,1.250625,1.256168,1.290049,0.92,3,0.4071,GUARDIAN_MOMENTUM_FLOOR,0.8017
POLUSDT,2026-05-17 20:00:00+00:00,2026-05-17 23:00:00+00:00,SHORT,0.092094,0.090715,0.09097,0.092937,1.33,3,0.3542,GUARDIAN_MOMENTUM_FLOOR,0.8447
NEARUSDT,2026-05-17 20:00:00+00:00,2026-05-17 22:00:00+00:00,SHORT,1.533233,1.514757,1.504144,1.563272,0.97,2,0.2813,GUARDIAN_MOMENTUM_FLOOR,0.7616
1000PEPEUSDT,2026-05-17 20:00:00+00:00,2026-05-17 23:00:00+00:00,SHORT,0.003747,0.003679,0.003684,0.003798,1.24,3,0.4329,GUARDIAN_MOMENTUM_FLOOR,0.7677
XRPUSDT,2026-05-17 21:00:00+00:00,2026-05-17 23:00:00+00:00,SHORT,1.421589,1.4013,1.4057,1.431973,1.53,2,0.3368,GUARDIAN_MOMENTUM_FLOOR,0.7275
DOGEUSDT,2026-05-17 21:00:00+00:00,2026-05-17 23:00:00+00:00,SHORT,0.111104,0.108964,0.109473,0.113188,0.78,2,0.4615,GUARDIAN_MOMENTUM_FLOOR,0.8641
ADAUSDT,2026-05-17 21:00:00+00:00,2026-05-17 23:00:00+00:00,SHORT,0.255072,0.252126,0.252239,0.257808,1.04,2,0.2688,GUARDIAN_MOMENTUM_FLOOR,0.8355
AVAXUSDT,2026-05-17 21:00:00+00:00,2026-05-17 23:00:00+00:00,SHORT,9.312342,9.194595,9.20671,9.410408,1.08,2,0.2961,GUARDIAN_MOMENTUM_FLOOR,0.8283
SOLUSDT,2026-05-18 04:00:00+00:00,2026-05-18 19:00:00+00:00,SHORT,85.167395,84.992475,83.31,87.310153,0.87,15,0.0313,GUARDIAN_EXIT,0.7042
XRPUSDT,2026-05-18 04:00:00+00:00,2026-05-18 19:00:00+00:00,SHORT,1.393403,1.387894,1.36,1.43219,0.86,15,0.0788,GUARDIAN_EXIT,0.7652
TONUSDT,2026-05-18 04:00:00+00:00,2026-05-18 12:00:00+00:00,SHORT,1.945727,2.012491,1.8669,2.011485,1.2,8,-0.4751,LOSS,0.8502
LINKUSDT,2026-05-18 04:00:00+00:00,2026-05-18 19:00:00+00:00,SHORT,9.55522,9.510753,9.319,9.818833,0.9,15,0.0162,GUARDIAN_MOMENTUM_FLOOR,0.7272
NEARUSDT,2026-05-18 04:00:00+00:00,2026-05-18 10:00:00+00:00,SHORT,1.511244,1.508754,1.462,1.558622,1.04,6,0.0212,GUARDIAN_EXIT,0.7052
ADAUSDT,2026-05-18 05:00:00+00:00,2026-05-19 11:00:00+00:00,SHORT,0.249675,0.248524,0.244663,0.257153,0.67,30,0.0952,GUARDIAN_EXIT,0.7088
1000SHIBUSDT,2026-05-18 05:00:00+00:00,2026-05-19 17:00:00+00:00,SHORT,0.005693,0.005696,0.005569,0.005878,0.67,36,-0.0325,TIMEOUT,0.7093
AVAXUSDT,2026-05-18 05:00:00+00:00,2026-05-18 17:00:00+00:00,SHORT,9.150422,9.12556,8.932,9.380357,0.95,12,0.0479,GUARDIAN_EXIT,0.8402
POLUSDT,2026-05-18 05:00:00+00:00,2026-05-18 17:00:00+00:00,SHORT,0.090545,0.090125,0.08823,0.092891,0.99,12,0.0959,GUARDIAN_EXIT,0.784
TRXUSDT,2026-05-18 06:00:00+00:00,2026-05-18 13:00:00+00:00,SHORT,0.355572,0.357772,0.353519,0.357593,1.02,7,-0.1747,LOSS,0.7555
ONDOUSDT,2026-05-18 08:00:00+00:00,2026-05-18 20:00:00+00:00,SHORT,0.33923,0.348224,0.329831,0.34805,1.07,12,-0.4056,LOSS,0.7156
TONUSDT,2026-05-18 12:00:00+00:00,2026-05-18 21:00:00+00:00,SHORT,2.046976,2.035017,1.9039,2.1183,2.01,9,0.1261,GUARDIAN_EXIT,0.9337
BTCUSDT,2026-05-18 13:00:00+00:00,2026-05-19 14:00:00+00:00,SHORT,76875.543,76403.88285,75910.547386,77693.948904,1.18,25,0.1334,GUARDIAN_EXIT,0.7153
TRXUSDT,2026-05-18 13:00:00+00:00,2026-05-18 16:00:00+00:00,SHORT,0.357461,0.355718,0.35428,0.359426,1.62,3,0.1019,GUARDIAN_MOMENTUM_FLOOR,0.8194
SUIUSDT,2026-05-18 16:00:00+00:00,2026-05-19 01:00:00+00:00,LONG,1.03982,1.054672,1.069375,1.017653,1.33,9,0.3371,GUARDIAN_MOMENTUM_FLOOR,0.7814
TRXUSDT,2026-05-18 20:00:00+00:00,2026-05-20 08:00:00+00:00,SHORT,0.355712,0.35589,0.35293,0.359055,0.83,36,-0.0325,TIMEOUT,0.7934
DOGEUSDT,2026-05-19 02:00:00+00:00,2026-05-20 14:00:00+00:00,LONG,0.104142,0.10409,0.106447,0.101864,1.01,36,-0.0325,TIMEOUT,0.8097
POLUSDT,2026-05-19 18:00:00+00:00,2026-05-20 23:00:00+00:00,SHORT,0.089595,0.090908,0.088106,0.090862,1.18,29,-0.3863,LOSS,0.702
DOTUSDT,2026-05-20 12:00:00+00:00,2026-05-20 18:00:00+00:00,LONG,1.235618,1.245377,1.254747,1.220218,1.24,6,0.1775,GUARDIAN_MOMENTUM_FLOOR,0.7584
ETHUSDT,2026-05-20 13:00:00+00:00,2026-05-20 15:00:00+00:00,LONG,2120.79987,2134.63215,2144.545848,2100.073505,1.15,2,0.1431,GUARDIAN_MOMENTUM_FLOOR,0.8202
SUIUSDT,2026-05-20 13:00:00+00:00,2026-05-20 18:00:00+00:00,LONG,1.047223,1.066666,1.073838,1.025546,1.23,5,0.4442,GUARDIAN_MOMENTUM_FLOOR,0.8379
TRXUSDT,2026-05-21 07:00:00+00:00,2026-05-21 13:00:00+00:00,LONG,0.3596,0.361769,0.361486,0.358089,1.25,6,0.1308,GUARDIAN_MOMENTUM_FLOOR,0.7755
SOLUSDT,2026-05-21 08:00:00+00:00,2026-05-21 13:00:00+00:00,SHORT,86.746605,86.06301,85.586983,87.616322,1.33,5,0.177,GUARDIAN_MOMENTUM_FLOOR,0.7656
ETHUSDT,2026-05-21 08:00:00+00:00,2026-05-21 13:00:00+00:00,SHORT,2135.981475,2120.59977,2111.530032,2163.112861,0.9,5,0.16,GUARDIAN_MOMENTUM_FLOOR,0.8441
XRPUSDT,2026-05-21 08:00:00+00:00,2026-05-21 15:00:00+00:00,SHORT,1.37881,1.36138,1.36229,1.391201,1.33,7,0.296,GUARDIAN_MOMENTUM_FLOOR,0.8325
1000SHIBUSDT,2026-05-21 08:00:00+00:00,2026-05-21 13:00:00+00:00,SHORT,0.005816,0.005773,0.005747,0.005868,1.33,5,0.1657,GUARDIAN_MOMENTUM_FLOOR,0.8271
AVAXUSDT,2026-05-21 08:00:00+00:00,2026-05-21 13:00:00+00:00,SHORT,9.402296,9.328662,9.242325,9.522275,1.33,5,0.1758,GUARDIAN_MOMENTUM_FLOOR,0.7235
LINKUSDT,2026-05-21 08:00:00+00:00,2026-05-21 12:00:00+00:00,SHORT,9.669163,9.578787,9.521587,9.807894,1.06,4,0.2137,GUARDIAN_MOMENTUM_FLOOR,0.827
DOTUSDT,2026-05-21 08:00:00+00:00,2026-05-21 13:00:00+00:00,SHORT,1.273363,1.258629,1.246,1.297381,1.14,5,0.2693,GUARDIAN_MOMENTUM_FLOOR,0.9216
POLUSDT,2026-05-21 08:00:00+00:00,2026-05-21 12:00:00+00:00,SHORT,0.091424,0.090495,0.090417,0.09218,1.33,4,0.234,GUARDIAN_MOMENTUM_FLOOR,0.8162
ARBUSDT,2026-05-21 08:00:00+00:00,2026-05-21 13:00:00+00:00,SHORT,0.111344,0.110255,0.108646,0.114175,0.95,5,0.2246,GUARDIAN_MOMENTUM_FLOOR,0.7329
AVAXUSDT,2026-05-21 15:00:00+00:00,2026-05-22 06:00:00+00:00,LONG,9.376686,9.482256,9.546294,9.243598,1.27,15,0.2615,GUARDIAN_MOMENTUM_FLOOR,0.7681
BNBUSDT,2026-05-21 16:00:00+00:00,2026-05-21 18:00:00+00:00,LONG,651.86577,656.041815,658.813224,644.903136,1.0,2,0.1402,GUARDIAN_MOMENTUM_FLOOR,0.8517
TAOUSDT,2026-05-21 20:00:00+00:00,2026-05-22 04:00:00+00:00,SHORT,283.728065,282.451155,274.31,291.34313,1.24,8,0.0925,GUARDIAN_EXIT,0.7783
SUIUSDT,2026-05-21 21:00:00+00:00,2026-05-22 02:00:00+00:00,SHORT,1.122538,1.110355,1.077,1.175006,0.87,5,0.2513,GUARDIAN_EXIT,0.7234
LINKUSDT,2026-05-21 22:00:00+00:00,2026-05-22 12:00:00+00:00,SHORT,9.723136,9.899353,9.557515,9.894405,0.97,14,-0.4731,LOSS,0.7299
ADAUSDT,2026-05-21 23:00:00+00:00,2026-05-22 18:00:00+00:00,SHORT,0.250375,0.245623,0.246403,0.254793,0.9,19,0.4545,GUARDIAN_MOMENTUM_FLOOR,0.7047
SUIUSDT,2026-05-22 04:00:00+00:00,2026-05-22 18:00:00+00:00,LONG,1.110955,1.077487,1.1504,1.078026,1.2,14,-0.6042,LOSS,0.8057
ETHUSDT,2026-05-22 12:00:00+00:00,2026-05-22 15:00:00+00:00,SHORT,2133.142895,2119.55925,2114.080345,2147.439807,1.33,3,0.1392,GUARDIAN_MOMENTUM_FLOOR,0.7591
XRPUSDT,2026-05-22 12:00:00+00:00,2026-05-22 15:00:00+00:00,SHORT,1.364417,1.353476,1.349942,1.379119,0.98,3,0.1805,GUARDIAN_MOMENTUM_FLOOR,0.7203
TAOUSDT,2026-05-22 12:00:00+00:00,2026-05-23 12:00:00+00:00,SHORT,290.104875,259.159515,279.16,296.85102,1.62,24,2.6467,GUARDIAN_MOMENTUM_EXIT,0.7868
HBARUSDT,2026-05-22 12:00:00+00:00,2026-05-22 20:00:00+00:00,SHORT,0.090845,0.088894,0.08884,0.091783,2.14,8,0.5167,GUARDIAN_MOMENTUM_FLOOR,0.7872
ARBUSDT,2026-05-22 13:00:00+00:00,2026-05-22 18:00:00+00:00,SHORT,0.114143,0.110355,0.110959,0.116531,1.33,5,0.8096,GUARDIAN_MOMENTUM_FLOOR,0.7045
TRXUSDT,2026-05-22 14:00:00+00:00,2026-05-23 14:00:00+00:00,SHORT,0.361209,0.35935,0.357973,0.366109,0.66,24,0.1087,GUARDIAN_EXIT,0.7324
DOGEUSDT,2026-05-22 16:00:00+00:00,2026-05-22 18:00:00+00:00,SHORT,0.105927,0.104262,0.104336,0.107138,1.31,2,0.3729,GUARDIAN_MOMENTUM_FLOOR,0.8357
ONDOUSDT,2026-05-22 16:00:00+00:00,2026-05-23 10:00:00+00:00,SHORT,0.444877,0.4008,0.408,0.482857,0.97,18,2.4569,GUARDIAN_MOMENTUM_FLOOR,0.9381
BNBUSDT,2026-05-22 17:00:00+00:00,2026-05-22 18:00:00+00:00,SHORT,659.84991,654.18693,652.926425,666.680871,1.01,1,0.1946,GUARDIAN_MOMENTUM_FLOOR,0.8626
ETHUSDT,2026-05-22 18:00:00+00:00,2026-05-22 20:00:00+00:00,SHORT,2097.91052,2073.27612,2069.131437,2144.524771,0.62,2,0.2736,GUARDIAN_MOMENTUM_FLOOR,0.7214
POLUSDT,2026-05-22 22:00:00+00:00,2026-05-22 23:00:00+00:00,SHORT,0.091194,0.090275,0.089504,0.092662,1.15,1,0.232,GUARDIAN_MOMENTUM_FLOOR,0.7344
HBARUSDT,2026-05-22 22:00:00+00:00,2026-05-23 13:00:00+00:00,SHORT,0.088726,0.086963,0.08728,0.090382,0.87,15,0.4765,GUARDIAN_MOMENTUM_FLOOR,0.8014
ADAUSDT,2026-05-23 07:00:00+00:00,2026-05-23 20:00:00+00:00,SHORT,0.237681,0.245299,0.232976,0.245176,0.63,13,-0.8213,LOSS,0.7649
1000PEPEUSDT,2026-05-23 13:00:00+00:00,2026-05-23 21:00:00+00:00,LONG,0.003528,0.003662,0.003618,0.003417,0.81,8,0.926,GUARDIAN_MOMENTUM_FLOOR,0.8037
ETHUSDT,2026-05-23 20:00:00+00:00,2026-05-24 20:00:00+00:00,SHORT,2144.517205,2092.98597,2026.1,2176.356714,3.72,24,0.5807,GUARDIAN_EXIT,0.7178
BNBUSDT,2026-05-23 20:00:00+00:00,2026-05-24 20:00:00+00:00,SHORT,661.539065,655.86777,639.57,667.659393,3.59,24,0.1943,GUARDIAN_EXIT,0.7005
NEARUSDT,2026-05-24 17:00:00+00:00,2026-05-25 13:00:00+00:00,SHORT,2.432783,2.546117,2.289405,2.544844,1.28,20,-0.6754,LOSS,0.7997
BTCUSDT,2026-05-24 20:00:00+00:00,2026-05-25 02:00:00+00:00,LONG,76677.41955,77025.56795,77294.4,76013.544692,0.93,6,0.0935,GUARDIAN_MOMENTUM_FLOOR,0.7539
TAOUSDT,2026-05-24 23:00:00+00:00,2026-05-25 19:00:00+00:00,SHORT,274.56265,281.057143,266.815911,280.916685,1.22,20,-0.6113,LOSS,0.7335
POLUSDT,2026-05-25 01:00:00+00:00,2026-05-25 05:00:00+00:00,SHORT,0.089925,0.091063,0.088616,0.091017,1.2,4,-0.3363,LOSS,0.7057
DOGEUSDT,2026-05-26 09:00:00+00:00,2026-05-26 14:00:00+00:00,LONG,0.101181,0.102779,0.102422,0.10007,1.12,5,0.3748,GUARDIAN_MOMENTUM_FLOOR,0.7848
DOTUSDT,2026-05-26 10:00:00+00:00,2026-05-27 00:00:00+00:00,SHORT,1.286356,1.262631,1.237,1.310603,2.04,14,0.1751,GUARDIAN_MOMENTUM_FLOOR,0.7039
BTCUSDT,2026-05-26 13:00:00+00:00,2026-05-26 16:00:00+00:00,SHORT,77160.6004,76572.8673,76303.9357,77814.166175,1.31,3,0.1704,GUARDIAN_MOMENTUM_FLOOR,0.8029
SOLUSDT,2026-05-26 13:00:00+00:00,2026-05-26 20:00:00+00:00,SHORT,85.43726,83.911935,83.95,86.448927,1.47,7,0.4263,GUARDIAN_MOMENTUM_FLOOR,0.7402
BNBUSDT,2026-05-26 14:00:00+00:00,2026-05-26 19:00:00+00:00,SHORT,662.878395,657.878775,655.063071,668.739888,1.33,5,0.1686,GUARDIAN_MOMENTUM_FLOOR,0.7402
XRPUSDT,2026-05-26 14:00:00+00:00,2026-05-27 04:00:00+00:00,SHORT,1.350924,1.330865,1.331139,1.365763,1.33,14,0.3512,GUARDIAN_MOMENTUM_FLOOR,0.7136
ADAUSDT,2026-05-26 14:00:00+00:00,2026-05-26 17:00:00+00:00,SHORT,0.243678,0.23972,0.239323,0.246944,1.33,3,0.3861,GUARDIAN_MOMENTUM_FLOOR,0.7744
AVAXUSDT,2026-05-26 14:00:00+00:00,2026-05-27 00:00:00+00:00,SHORT,9.344326,9.190593,9.160335,9.506998,1.13,10,0.3913,GUARDIAN_MOMENTUM_FLOOR,0.7438
HBARUSDT,2026-05-26 14:00:00+00:00,2026-05-26 20:00:00+00:00,SHORT,0.088146,0.086883,0.086759,0.089237,1.27,6,0.3381,GUARDIAN_MOMENTUM_FLOOR,0.7064
TRXUSDT,2026-05-26 16:00:00+00:00,2026-05-27 15:00:00+00:00,SHORT,0.374743,0.371356,0.370908,0.378119,1.14,23,0.206,GUARDIAN_MOMENTUM_FLOOR,0.7503
ETHUSDT,2026-05-26 23:00:00+00:00,2026-05-27 18:00:00+00:00,SHORT,2071.953505,2056.797885,2042.423447,2096.382514,1.21,19,0.1629,GUARDIAN_MOMENTUM_FLOOR,0.7247
1000PEPEUSDT,2026-05-27 00:00:00+00:00,2026-05-27 04:00:00+00:00,SHORT,0.00354,0.003506,0.003474,0.00359,1.29,4,0.2157,GUARDIAN_MOMENTUM_FLOOR,0.7549
ADAUSDT,2026-05-27 01:00:00+00:00,2026-05-27 04:00:00+00:00,SHORT,0.24018,0.23962,0.236514,0.243417,1.13,3,0.0383,GUARDIAN_MOMENTUM_FLOOR,0.7348
1000SHIBUSDT,2026-05-27 01:00:00+00:00,2026-05-27 04:00:00+00:00,SHORT,0.005532,0.005521,0.005459,0.005587,1.33,3,0.0318,GUARDIAN_MOMENTUM_FLOOR,0.7111
ARBUSDT,2026-05-27 08:00:00+00:00,2026-05-27 13:00:00+00:00,SHORT,0.108746,0.108454,0.106069,0.111069,1.15,5,0.047,GUARDIAN_EXIT,0.7252
SOLUSDT,2026-05-27 13:00:00+00:00,2026-05-28 01:00:00+00:00,LONG,83.631795,82.319375,84.909573,82.360556,1.01,12,-0.4123,LOSS,0.7599
XRPUSDT,2026-05-27 13:00:00+00:00,2026-05-27 15:00:00+00:00,LONG,1.323962,1.335132,1.341687,1.310668,1.33,2,0.1909,GUARDIAN_MOMENTUM_FLOOR,0.8124
ADAUSDT,2026-05-27 13:00:00+00:00,2026-05-27 15:00:00+00:00,LONG,0.239019,0.241079,0.242835,0.235546,1.1,2,0.1955,GUARDIAN_MOMENTUM_FLOOR,0.7932
LINKUSDT,2026-05-27 13:00:00+00:00,2026-05-27 16:00:00+00:00,LONG,9.327662,9.351322,9.495804,9.201555,1.33,3,0.0434,GUARDIAN_EXIT,0.7719
DOTUSDT,2026-05-27 14:00:00+00:00,2026-05-28 03:00:00+00:00,LONG,1.252626,1.222847,1.286792,1.223458,1.17,13,-0.3933,LOSS,0.7585
XRPUSDT,2026-05-27 19:00:00+00:00,2026-05-27 22:00:00+00:00,LONG,1.330765,1.312136,1.351196,1.312792,1.14,3,-0.37,LOSS,0.8001
DOGEUSDT,2026-05-27 20:00:00+00:00,2026-05-27 21:00:00+00:00,SHORT,0.102039,0.10039,0.10023,0.103822,1.01,1,0.384,GUARDIAN_MOMENTUM_FLOOR,0.7239
ADAUSDT,2026-05-27 20:00:00+00:00,2026-05-27 21:00:00+00:00,SHORT,0.24008,0.237519,0.235845,0.244459,0.97,1,0.2467,GUARDIAN_MOMENTUM_FLOOR,0.8226
AVAXUSDT,2026-05-27 20:00:00+00:00,2026-05-28 00:00:00+00:00,SHORT,9.183406,9.054525,9.025154,9.327563,1.1,4,0.3309,GUARDIAN_MOMENTUM_FLOOR,0.7268
1000PEPEUSDT,2026-05-27 20:00:00+00:00,2026-05-27 23:00:00+00:00,SHORT,0.003533,0.003472,0.003455,0.00362,0.89,3,0.4116,GUARDIAN_MOMENTUM_FLOOR,0.754
BTCUSDT,2026-05-28 07:00:00+00:00,2026-05-29 14:00:00+00:00,SHORT,73430.2665,73102.3329,72466.576048,74806.222613,0.7,31,0.0916,GUARDIAN_MOMENTUM_FLOOR,0.7015
SOLUSDT,2026-05-28 07:00:00+00:00,2026-05-28 14:00:00+00:00,SHORT,81.149405,81.18057,79.64643,83.085744,0.78,7,-0.0296,GUARDIAN_EXIT,0.7265
ETHUSDT,2026-05-28 07:00:00+00:00,2026-05-29 16:00:00+00:00,SHORT,1993.24288,2038.167854,1958.525763,2037.149279,0.79,33,-0.5835,LOSS,0.7144
XRPUSDT,2026-05-28 08:00:00+00:00,2026-05-28 16:00:00+00:00,SHORT,1.287456,1.316554,1.266272,1.315896,0.74,8,-0.585,LOSS,0.8088
TONUSDT,2026-05-28 08:00:00+00:00,2026-05-28 14:00:00+00:00,SHORT,1.806696,1.747673,1.75099,1.857627,1.09,6,0.7967,GUARDIAN_MOMENTUM_FLOOR,0.752
LINKUSDT,2026-05-28 09:00:00+00:00,2026-05-29 21:00:00+00:00,SHORT,8.911542,8.915998,8.724456,9.197772,0.65,36,-0.0325,TIMEOUT,0.7377
POLUSDT,2026-05-28 12:00:00+00:00,2026-05-29 17:00:00+00:00,SHORT,0.087626,0.089091,0.086121,0.089046,1.06,29,-0.4379,LOSS,0.7137
DOTUSDT,2026-05-28 13:00:00+00:00,2026-05-29 13:00:00+00:00,SHORT,1.1994,1.192596,1.168939,1.241615,0.72,24,0.1218,GUARDIAN_EXIT,0.7004
HBARUSDT,2026-05-28 14:00:00+00:00,2026-05-28 18:00:00+00:00,LONG,0.087294,0.089535,0.090647,0.082152,0.65,4,0.622,GUARDIAN_MOMENTUM_FLOOR,0.8261
SUIUSDT,2026-05-28 22:00:00+00:00,2026-05-29 12:00:00+00:00,LONG,0.926963,0.905361,0.952908,0.905814,1.23,14,-0.6026,LOSS,0.8123
ARBUSDT,2026-05-28 22:00:00+00:00,2026-05-29 10:00:00+00:00,LONG,0.104052,0.104448,0.107245,0.100202,0.83,12,0.0751,GUARDIAN_EXIT,0.7563
ONDOUSDT,2026-05-28 23:00:00+00:00,2026-05-29 05:00:00+00:00,SHORT,0.368516,0.366983,0.356727,0.378447,1.19,6,0.0839,GUARDIAN_EXIT,0.7113
HBARUSDT,2026-05-29 01:00:00+00:00,2026-05-29 06:00:00+00:00,LONG,0.089675,0.092014,0.093333,0.086615,1.2,5,0.6321,GUARDIAN_MOMENTUM_FLOOR,0.7543
TAOUSDT,2026-05-29 05:00:00+00:00,2026-05-29 12:00:00+00:00,LONG,258.459165,252.264709,265.335547,252.390905,1.13,7,-0.6192,LOSS,0.7852
SOLUSDT,2026-05-29 14:00:00+00:00,2026-05-29 15:00:00+00:00,LONG,81.34065,82.49873,82.619102,80.381811,1.33,1,0.3359,GUARDIAN_MOMENTUM_FLOOR,0.8698
XRPUSDT,2026-05-29 14:00:00+00:00,2026-05-29 15:00:00+00:00,LONG,1.307453,1.321339,1.326966,1.292819,1.33,1,0.2455,GUARDIAN_MOMENTUM_FLOOR,0.8671
DOGEUSDT,2026-05-29 14:00:00+00:00,2026-05-29 15:00:00+00:00,LONG,0.098889,0.1003,0.100558,0.097638,1.33,1,0.3366,GUARDIAN_MOMENTUM_FLOOR,0.8747
ADAUSDT,2026-05-29 14:00:00+00:00,2026-05-29 15:00:00+00:00,LONG,0.232616,0.235482,0.236662,0.229582,1.33,1,0.288,GUARDIAN_MOMENTUM_FLOOR,0.8976
1000SHIBUSDT,2026-05-29 14:00:00+00:00,2026-05-29 18:00:00+00:00,LONG,0.005332,0.005398,0.005422,0.005266,1.37,4,0.2924,GUARDIAN_MOMENTUM_FLOOR,0.7854
AVAXUSDT,2026-05-29 14:00:00+00:00,2026-05-29 18:00:00+00:00,LONG,8.713354,8.832582,8.973,8.588225,2.08,4,0.3221,GUARDIAN_MOMENTUM_FLOOR,0.8504
1000PEPEUSDT,2026-05-29 14:00:00+00:00,2026-05-29 15:00:00+00:00,LONG,0.003362,0.00342,0.003437,0.003306,1.33,1,0.4084,GUARDIAN_MOMENTUM_FLOOR,0.8637
BTCUSDT,2026-05-29 18:00:00+00:00,2026-05-31 06:00:00+00:00,SHORT,73306.3285,73342.981664,72173.177546,74156.191715,1.33,36,-0.0325,TIMEOUT,0.7063
1000PEPEUSDT,2026-05-29 20:00:00+00:00,2026-05-30 04:00:00+00:00,LONG,0.003396,0.003407,0.003485,0.003284,0.8,8,0.0588,GUARDIAN_EXIT,0.7548
ARBUSDT,2026-05-29 23:00:00+00:00,2026-05-30 02:00:00+00:00,SHORT,0.102948,0.106371,0.100078,0.106318,0.85,3,-0.8511,LOSS,0.7119
1000SHIBUSDT,2026-05-30 07:00:00+00:00,2026-05-31 14:00:00+00:00,SHORT,0.005493,0.005462,0.005401,0.005587,0.98,31,0.1235,GUARDIAN_EXIT,0.7096
AVAXUSDT,2026-05-30 09:00:00+00:00,2026-05-31 14:00:00+00:00,SHORT,8.918538,8.876436,8.774625,9.080978,0.89,29,0.098,GUARDIAN_EXIT,0.7959
ARBUSDT,2026-05-30 09:00:00+00:00,2026-05-31 02:00:00+00:00,SHORT,0.104648,0.104352,0.102227,0.107505,0.85,17,0.0506,GUARDIAN_EXIT,0.8415
TONUSDT,2026-05-30 10:00:00+00:00,2026-05-30 14:00:00+00:00,SHORT,1.748725,1.774628,1.715371,1.773741,1.33,4,-0.3903,LOSS,0.7384
1000PEPEUSDT,2026-05-30 10:00:00+00:00,2026-05-31 04:00:00+00:00,SHORT,0.003414,0.003458,0.003359,0.003456,1.32,18,-0.3398,LOSS,0.7176
ONDOUSDT,2026-05-30 16:00:00+00:00,2026-05-31 01:00:00+00:00,LONG,0.342871,0.373013,0.351468,0.336424,1.33,9,2.1778,GUARDIAN_MOMENTUM_FLOOR,0.7718
DOGEUSDT,2026-05-30 21:00:00+00:00,2026-05-31 00:00:00+00:00,SHORT,0.101209,0.1009,0.100344,0.101896,1.26,3,0.0563,GUARDIAN_MOMENTUM_FLOOR,0.7223
1000PEPEUSDT,2026-05-31 08:00:00+00:00,2026-05-31 17:00:00+00:00,SHORT,0.003432,0.003374,0.00339,0.003479,0.91,9,0.4061,GUARDIAN_MOMENTUM_FLOOR,0.7699
XRPUSDT,2026-05-31 12:00:00+00:00,2026-05-31 16:00:00+00:00,SHORT,1.340929,1.327864,1.32965,1.349388,1.33,4,0.2236,GUARDIAN_MOMENTUM_FLOOR,0.7012
DOGEUSDT,2026-05-31 12:00:00+00:00,2026-05-31 14:00:00+00:00,SHORT,0.10078,0.10002,0.099931,0.101552,1.1,2,0.1684,GUARDIAN_MOMENTUM_FLOOR,0.7251
ADAUSDT,2026-05-31 12:00:00+00:00,2026-05-31 20:00:00+00:00,SHORT,0.237481,0.233817,0.234828,0.239471,1.33,8,0.3658,GUARDIAN_MOMENTUM_FLOOR,0.8528
BNBUSDT,2026-05-31 13:00:00+00:00,2026-05-31 17:00:00+00:00,SHORT,727.506065,714.647145,710.732143,746.70348,0.87,4,0.4219,GUARDIAN_MOMENTUM_FLOOR,0.8169
NEARUSDT,2026-05-31 14:00:00+00:00,2026-06-01 03:00:00+00:00,LONG,2.290144,2.376811,2.377155,2.215247,1.16,13,0.354,GUARDIAN_MOMENTUM_FLOOR,0.7857
TAOUSDT,2026-05-31 20:00:00+00:00,2026-06-01 08:00:00+00:00,SHORT,253.863005,250.22505,248.720898,260.825527,0.74,12,0.3383,GUARDIAN_MOMENTUM_FLOOR,0.7
DOGEUSDT,2026-06-01 01:00:00+00:00,2026-06-01 04:00:00+00:00,LONG,0.09985,0.10059,0.101339,0.098578,1.17,3,0.1652,GUARDIAN_MOMENTUM_FLOOR,0.7836
AVAXUSDT,2026-06-01 01:00:00+00:00,2026-06-01 04:00:00+00:00,LONG,8.889442,8.939528,9.065975,8.746867,1.24,3,0.1209,GUARDIAN_MOMENTUM_FLOOR,0.7987
DOTUSDT,2026-06-01 01:00:00+00:00,2026-06-01 04:00:00+00:00,LONG,1.173586,1.187406,1.201447,1.149035,1.13,3,0.2744,GUARDIAN_MOMENTUM_FLOOR,0.76
1000PEPEUSDT,2026-06-01 01:00:00+00:00,2026-06-01 05:00:00+00:00,LONG,0.003386,0.003392,0.003455,0.003322,1.07,4,0.0222,GUARDIAN_EXIT,0.7739
ARBUSDT,2026-06-01 01:00:00+00:00,2026-06-01 04:00:00+00:00,LONG,0.101851,0.102649,0.104491,0.09944,1.1,3,0.1758,GUARDIAN_EXIT,0.8072
DOGEUSDT,2026-06-01 04:00:00+00:00,2026-06-01 13:00:00+00:00,SHORT,0.10059,0.09916,0.09885,0.101894,1.33,9,0.3354,GUARDIAN_MOMENTUM_FLOOR,0.7979
LINKUSDT,2026-06-01 04:00:00+00:00,2026-06-01 12:00:00+00:00,SHORT,9.108444,9.0055,8.921489,9.264739,1.2,8,0.2625,GUARDIAN_MOMENTUM_FLOOR,0.8387
ETHUSDT,2026-06-01 12:00:00+00:00,2026-06-01 13:00:00+00:00,SHORT,1987.675665,1971.595305,1958.553546,2018.66053,0.94,1,0.1823,GUARDIAN_MOMENTUM_FLOOR,0.7721
1000SHIBUSDT,2026-06-01 12:00:00+00:00,2026-06-01 18:00:00+00:00,LONG,0.005443,0.005518,0.005541,0.005366,1.29,6,0.3269,GUARDIAN_MOMENTUM_FLOOR,0.7515
DOGEUSDT,2026-06-01 13:00:00+00:00,2026-06-02 13:00:00+00:00,SHORT,0.09906,0.098489,0.097234,0.101727,0.69,24,0.1242,GUARDIAN_EXIT,0.8427
TONUSDT,2026-06-01 14:00:00+00:00,2026-06-01 15:00:00+00:00,LONG,1.94057,2.075962,2.030903,1.850517,1.0,1,1.7242,GUARDIAN_MOMENTUM_FLOOR,0.8286
BTCUSDT,2026-06-01 19:00:00+00:00,2026-06-02 02:00:00+00:00,SHORT,71535.2145,70855.41,70559.776337,72827.559541,0.75,7,0.2176,GUARDIAN_MOMENTUM_FLOOR,0.7584
XRPUSDT,2026-06-01 21:00:00+00:00,2026-06-02 02:00:00+00:00,SHORT,1.290654,1.284542,1.271886,1.310592,0.94,5,0.0984,GUARDIAN_MOMENTUM_FLOOR,0.8027
DOTUSDT,2026-06-01 21:00:00+00:00,2026-06-02 14:00:00+00:00,SHORT,1.149425,1.11956,1.117051,1.183094,0.96,17,0.2768,GUARDIAN_MOMENTUM_FLOOR,0.8027
ADAUSDT,2026-06-02 00:00:00+00:00,2026-06-02 02:00:00+00:00,SHORT,0.229385,0.228114,0.224932,0.233013,1.23,2,0.1185,GUARDIAN_MOMENTUM_FLOOR,0.7051
LINKUSDT,2026-06-02 00:00:00+00:00,2026-06-02 09:00:00+00:00,LONG,9.0035,8.811055,9.17365,8.815462,0.9,9,-0.5544,LOSS,0.875
POLUSDT,2026-06-02 00:00:00+00:00,2026-06-02 10:00:00+00:00,LONG,0.093167,0.091763,0.094976,0.091809,1.33,10,-0.3965,LOSS,0.7982
TAOUSDT,2026-06-02 00:00:00+00:00,2026-06-02 04:00:00+00:00,LONG,251.095485,251.85401,258.120994,243.633623,0.94,4,0.0555,GUARDIAN_EXIT,0.8152
ARBUSDT,2026-06-02 00:00:00+00:00,2026-06-02 08:00:00+00:00,LONG,0.101551,0.098229,0.104438,0.098278,0.88,8,-0.8377,LOSS,0.7595
ETHUSDT,2026-06-02 01:00:00+00:00,2026-06-02 14:00:00+00:00,LONG,1980.28965,1948.410312,2012.629631,1949.385005,1.05,13,-0.4225,LOSS,0.7642
1000PEPEUSDT,2026-06-02 01:00:00+00:00,2026-06-02 14:00:00+00:00,LONG,0.003367,0.003299,0.003446,0.003301,1.18,13,-0.5245,LOSS,0.8337
ONDOUSDT,2026-06-02 01:00:00+00:00,2026-06-02 04:00:00+00:00,LONG,0.347974,0.358221,0.362039,0.337425,1.33,3,0.7162,GUARDIAN_MOMENTUM_FLOOR,0.8554
SOLUSDT,2026-06-02 04:00:00+00:00,2026-06-02 10:00:00+00:00,SHORT,80.369795,79.4397,78.818769,82.047756,0.92,6,0.2693,GUARDIAN_MOMENTUM_FLOOR,0.7084
TRXUSDT,2026-06-02 09:00:00+00:00,2026-06-02 14:00:00+00:00,LONG,0.34084,0.337493,0.343751,0.337662,0.92,5,-0.2655,LOSS,0.7856
NEARUSDT,2026-06-02 12:00:00+00:00,2026-06-02 17:00:00+00:00,SHORT,2.700649,2.636317,2.547803,2.815284,1.33,5,0.5755,GUARDIAN_MOMENTUM_FLOOR,0.881
SOLUSDT,2026-06-02 14:00:00+00:00,2026-06-02 15:00:00+00:00,SHORT,77.34131,76.35816,75.595569,80.206435,0.61,1,0.2978,GUARDIAN_MOMENTUM_FLOOR,0.8091
ETHUSDT,2026-06-02 14:00:00+00:00,2026-06-02 15:00:00+00:00,SHORT,1939.68967,1915.067055,1902.874108,1998.003891,0.63,1,0.2974,GUARDIAN_MOMENTUM_FLOOR,0.8153
ADAUSDT,2026-06-02 14:00:00+00:00,2026-06-02 15:00:00+00:00,SHORT,0.21919,0.215408,0.214104,0.225772,0.77,1,0.4114,GUARDIAN_MOMENTUM_FLOOR,0.7067
1000SHIBUSDT,2026-06-02 14:00:00+00:00,2026-06-02 17:00:00+00:00,SHORT,0.00533,0.005311,0.005217,0.005515,0.61,3,0.0723,GUARDIAN_EXIT,0.892
AVAXUSDT,2026-06-02 14:00:00+00:00,2026-06-02 19:00:00+00:00,SHORT,8.449773,8.331163,8.233012,8.79419,0.63,5,0.3309,GUARDIAN_MOMENTUM_FLOOR,0.7494
DOTUSDT,2026-06-02 14:00:00+00:00,2026-06-02 15:00:00+00:00,SHORT,1.11844,1.095548,1.086918,1.153881,0.89,1,0.4917,GUARDIAN_MOMENTUM_FLOOR,0.7482
1000PEPEUSDT,2026-06-02 14:00:00+00:00,2026-06-02 15:00:00+00:00,SHORT,0.003239,0.003187,0.003147,0.003371,0.7,1,0.3782,GUARDIAN_MOMENTUM_FLOOR,0.8059
TAOUSDT,2026-06-02 14:00:00+00:00,2026-06-02 19:00:00+00:00,SHORT,243.967955,236.7183,234.907065,252.845222,1.02,5,0.3457,GUARDIAN_MOMENTUM_FLOOR,0.7338
XRPUSDT,2026-06-03 01:00:00+00:00,2026-06-03 21:00:00+00:00,SHORT,1.222289,1.218509,1.188363,1.251481,1.16,20,-0.0766,GUARDIAN_MOMENTUM_FLOOR,0.7921
SOLUSDT,2026-06-03 02:00:00+00:00,2026-06-03 16:00:00+00:00,SHORT,74.32282,72.986475,71.99368,76.612285,1.02,14,0.1447,GUARDIAN_MOMENTUM_FLOOR,0.7884
1000SHIBUSDT,2026-06-03 02:00:00+00:00,2026-06-04 02:00:00+00:00,SHORT,0.005236,0.005035,0.005083,0.005342,1.46,24,0.267,GUARDIAN_MOMENTUM_FLOOR,0.7455
AVAXUSDT,2026-06-03 02:00:00+00:00,2026-06-03 21:00:00+00:00,SHORT,8.17591,8.172084,7.923702,8.450052,0.92,19,-0.1779,GUARDIAN_MOMENTUM_FLOOR,0.7494
DOTUSDT,2026-06-03 02:00:00+00:00,2026-06-03 10:00:00+00:00,SHORT,1.085457,1.120939,1.047944,1.120378,1.07,8,-0.6191,LOSS,0.7099
BTCUSDT,2026-06-03 06:00:00+00:00,2026-06-03 21:00:00+00:00,SHORT,66915.82535,65771.4693,65359.1,68276.900777,1.14,15,0.4075,GUARDIAN_MOMENTUM_FLOOR,0.731
ETHUSDT,2026-06-03 07:00:00+00:00,2026-06-03 16:00:00+00:00,SHORT,1876.62122,1832.685885,1816.0,1929.620142,1.14,9,0.5653,GUARDIAN_MOMENTUM_FLOOR,0.7146
SUIUSDT,2026-06-03 16:00:00+00:00,2026-06-04 07:00:00+00:00,LONG,0.818709,0.788462,0.846084,0.788856,0.92,15,-0.572,LOSS,0.843
TAOUSDT,2026-06-03 17:00:00+00:00,2026-06-04 01:00:00+00:00,LONG,228.844365,218.793694,238.031784,218.903145,0.92,8,-1.118,LOSS,0.7699
TONUSDT,2026-06-03 18:00:00+00:00,2026-06-03 21:00:00+00:00,SHORT,2.022488,1.931765,1.92549,2.13285,0.88,3,1.1014,GUARDIAN_MOMENTUM_FLOOR,0.8419
DOTUSDT,2026-06-04 01:00:00+00:00,2026-06-05 04:00:00+00:00,SHORT,1.055472,1.025512,1.003314,1.136039,0.65,27,0.1864,GUARDIAN_MOMENTUM_FLOOR,0.7236
TAOUSDT,2026-06-04 01:00:00+00:00,2026-06-04 02:00:00+00:00,SHORT,217.25132,216.78834,205.852455,234.369716,0.67,1,0.0333,GUARDIAN_MOMENTUM_FLOOR,0.7262
LINKUSDT,2026-06-04 02:00:00+00:00,2026-06-04 18:00:00+00:00,SHORT,8.087954,8.08504,7.700853,8.559775,0.82,16,-0.011,GUARDIAN_EXIT,0.7257
SOLUSDT,2026-06-04 07:00:00+00:00,2026-06-05 07:00:00+00:00,SHORT,69.06545,66.143055,66.140995,72.791114,0.78,24,0.3307,GUARDIAN_MOMENTUM_FLOOR,0.7729
AVAXUSDT,2026-06-04 08:00:00+00:00,2026-06-05 04:00:00+00:00,SHORT,7.791102,7.480738,7.480731,8.191593,0.77,20,0.4653,GUARDIAN_MOMENTUM_FLOOR,0.8473
ARBUSDT,2026-06-04 08:00:00+00:00,2026-06-05 07:00:00+00:00,SHORT,0.089055,0.084042,0.084675,0.095095,0.73,23,0.4809,GUARDIAN_MOMENTUM_FLOOR,0.7605
TAOUSDT,2026-06-04 11:00:00+00:00,2026-06-04 23:00:00+00:00,SHORT,213.73308,211.76583,202.557782,228.143825,0.78,12,0.2101,GUARDIAN_EXIT,0.7576
NEARUSDT,2026-06-04 16:00:00+00:00,2026-06-05 04:00:00+00:00,SHORT,2.429785,2.199099,2.234223,2.576456,1.33,12,2.3535,GUARDIAN_MOMENTUM_FLOOR,0.7213
BTCUSDT,2026-06-05 06:00:00+00:00,2026-06-05 15:00:00+00:00,LONG,61947.7584,60499.392693,63955.0,60529.657522,1.42,9,-0.3159,LOSS,0.8049
1000PEPEUSDT,2026-06-05 10:00:00+00:00,2026-06-05 16:00:00+00:00,SHORT,0.00279,0.002787,0.002649,0.002959,0.84,6,0.0034,GUARDIAN_MOMENTUM_FLOOR,0.7085
1000SHIBUSDT,2026-06-05 11:00:00+00:00,2026-06-05 16:00:00+00:00,SHORT,0.004718,0.004649,0.004543,0.004945,0.77,5,0.342,GUARDIAN_MOMENTUM_FLOOR,0.7183
TRXUSDT,2026-06-05 12:00:00+00:00,2026-06-05 16:00:00+00:00,SHORT,0.324678,0.323232,0.319785,0.330683,0.81,4,0.0913,GUARDIAN_MOMENTUM_FLOOR,0.7313
SUIUSDT,2026-06-05 12:00:00+00:00,2026-06-05 19:00:00+00:00,SHORT,0.712644,0.695047,0.674634,0.757402,0.85,7,0.1964,GUARDIAN_MOMENTUM_FLOOR,0.7692
SOLUSDT,2026-06-05 16:00:00+00:00,2026-06-05 19:00:00+00:00,SHORT,65.80708,63.41169,62.369258,68.385446,1.33,3,0.89,GUARDIAN_MOMENTUM_FLOOR,0.7977
XRPUSDT,2026-06-05 16:00:00+00:00,2026-06-05 19:00:00+00:00,SHORT,1.11914,1.098649,1.071157,1.157596,1.25,3,0.4377,GUARDIAN_MOMENTUM_FLOOR,0.7417
NEARUSDT,2026-06-05 16:00:00+00:00,2026-06-05 21:00:00+00:00,LONG,1.977988,1.991004,2.177395,1.828433,1.33,5,0.1445,GUARDIAN_EXIT,0.7802
ETHUSDT,2026-06-06 01:00:00+00:00,2026-06-06 05:00:00+00:00,SHORT,1581.338935,1566.873045,1517.325701,1634.853309,1.2,4,0.2087,GUARDIAN_MOMENTUM_FLOOR,0.7518
ARBUSDT,2026-06-06 01:00:00+00:00,2026-06-06 05:00:00+00:00,SHORT,0.08006,0.077439,0.075745,0.083679,1.19,4,0.7985,GUARDIAN_MOMENTUM_FLOOR,0.7246
TRXUSDT,2026-06-06 08:00:00+00:00,2026-06-07 08:00:00+00:00,LONG,0.31957,0.328446,0.323353,0.316194,1.12,24,0.6744,GUARDIAN_MOMENTUM_EXIT,0.8255
SOLUSDT,2026-06-06 09:00:00+00:00,2026-06-07 09:00:00+00:00,LONG,62.69133,64.917525,65.649,59.290583,0.87,24,0.8678,GUARDIAN_MOMENTUM_FLOOR,0.7598
NEARUSDT,2026-06-06 09:00:00+00:00,2026-06-07 16:00:00+00:00,LONG,1.904952,2.034982,2.036606,1.795086,1.2,31,0.7482,GUARDIAN_MOMENTUM_FLOOR,0.7805
ONDOUSDT,2026-06-06 09:00:00+00:00,2026-06-07 09:00:00+00:00,LONG,0.328964,0.343428,0.350173,0.307298,0.98,24,1.0792,GUARDIAN_MOMENTUM_FLOOR,0.8002
SUIUSDT,2026-06-06 10:00:00+00:00,2026-06-07 10:00:00+00:00,LONG,0.694547,0.746926,0.73412,0.651307,0.92,24,1.8654,GUARDIAN_MOMENTUM_EXIT,0.9001
TONUSDT,2026-06-06 19:00:00+00:00,2026-06-07 01:00:00+00:00,SHORT,1.601299,1.658408,1.526259,1.657579,1.33,6,-0.9116,LOSS,0.7148
POLUSDT,2026-06-06 20:00:00+00:00,2026-06-07 00:00:00+00:00,LONG,0.075988,0.077741,0.0783,0.073987,1.16,4,0.5568,GUARDIAN_MOMENTUM_FLOOR,0.7658
SOLUSDT,2026-06-07 16:00:00+00:00,2026-06-08 00:00:00+00:00,SHORT,65.057455,66.518823,63.395135,66.48558,1.16,8,-0.4396,LOSS,0.7141
1000SHIBUSDT,2026-06-07 16:00:00+00:00,2026-06-07 20:00:00+00:00,SHORT,0.004697,0.004635,0.004605,0.004808,0.82,4,0.3065,GUARDIAN_MOMENTUM_FLOOR,0.7513
DOTUSDT,2026-06-07 16:00:00+00:00,2026-06-07 20:00:00+00:00,SHORT,0.968516,0.952476,0.944725,0.986358,1.33,4,0.394,GUARDIAN_MOMENTUM_FLOOR,0.7465
1000PEPEUSDT,2026-06-07 16:00:00+00:00,2026-06-07 20:00:00+00:00,SHORT,0.002772,0.00274,0.002701,0.00283,1.2,4,0.2681,GUARDIAN_MOMENTUM_FLOOR,0.7859
ETHUSDT,2026-06-07 17:00:00+00:00,2026-06-07 20:00:00+00:00,SHORT,1629.274955,1627.8135,1597.649771,1655.906296,1.19,3,0.0024,GUARDIAN_EXIT,0.7164
ARBUSDT,2026-06-07 17:00:00+00:00,2026-06-07 20:00:00+00:00,SHORT,0.081859,0.08064,0.079797,0.084416,0.81,3,0.3522,GUARDIAN_MOMENTUM_FLOOR,0.7828
1000SHIBUSDT,2026-06-08 01:00:00+00:00,2026-06-09 01:00:00+00:00,SHORT,0.004703,0.004672,0.004566,0.004865,0.84,24,0.1411,GUARDIAN_EXIT,0.7662
AVAXUSDT,2026-06-08 01:00:00+00:00,2026-06-08 07:00:00+00:00,SHORT,6.704646,6.701349,6.43821,7.033609,0.81,6,-0.0077,GUARDIAN_EXIT,0.7975
SUIUSDT,2026-06-08 01:00:00+00:00,2026-06-09 13:00:00+00:00,SHORT,0.755722,0.7561,0.725649,0.788218,0.93,36,-0.1003,TIMEOUT,0.8017
SOLUSDT,2026-06-08 04:00:00+00:00,2026-06-08 22:00:00+00:00,LONG,65.402685,67.10643,67.9,63.149588,1.11,18,0.6313,GUARDIAN_MOMENTUM_FLOOR,0.7748
ETHUSDT,2026-06-08 07:00:00+00:00,2026-06-09 14:00:00+00:00,SHORT,1671.86365,1645.72245,1608.09,1721.705905,1.28,31,0.3709,GUARDIAN_EXIT,0.7067
AVAXUSDT,2026-06-08 10:00:00+00:00,2026-06-09 22:00:00+00:00,LONG,6.702349,6.698998,6.90179,6.47814,0.89,36,-0.2003,TIMEOUT,0.8024
NEARUSDT,2026-06-08 11:00:00+00:00,2026-06-09 20:00:00+00:00,SHORT,2.120939,2.227193,1.996618,2.22608,1.18,33,-0.9825,LOSS,0.7573
POLUSDT,2026-06-08 16:00:00+00:00,2026-06-09 16:00:00+00:00,SHORT,0.07975,0.074597,0.077787,0.081961,0.89,24,1.5953,GUARDIAN_MOMENTUM_EXIT,0.8882
BTCUSDT,2026-06-08 21:00:00+00:00,2026-06-09 02:00:00+00:00,SHORT,63658.9546,62871.42,62658.4,64420.649981,1.31,5,0.2893,GUARDIAN_MOMENTUM_FLOOR,0.7045
1000PEPEUSDT,2026-06-08 21:00:00+00:00,2026-06-09 01:00:00+00:00,SHORT,0.002836,0.002782,0.00277,0.002886,1.33,4,0.4559,GUARDIAN_MOMENTUM_FLOOR,0.7349
1000SHIBUSDT,2026-06-09 04:00:00+00:00,2026-06-09 14:00:00+00:00,SHORT,0.004715,0.004652,0.004624,0.004817,0.89,10,0.3104,GUARDIAN_MOMENTUM_FLOOR,0.7168
1000PEPEUSDT,2026-06-09 04:00:00+00:00,2026-06-09 14:00:00+00:00,SHORT,0.002817,0.002757,0.00274,0.002888,1.08,10,0.5082,GUARDIAN_MOMENTUM_FLOOR,0.76
LINKUSDT,2026-06-09 05:00:00+00:00,2026-06-09 17:00:00+00:00,SHORT,7.988004,7.799898,7.79,8.170672,1.08,12,0.5687,GUARDIAN_MOMENTUM_FLOOR,0.8152
ADAUSDT,2026-06-09 12:00:00+00:00,2026-06-09 17:00:00+00:00,SHORT,0.168616,0.165183,0.164132,0.172021,1.32,5,0.489,GUARDIAN_MOMENTUM_FLOOR,0.8067
TAOUSDT,2026-06-09 12:00:00+00:00,2026-06-09 14:00:00+00:00,SHORT,215.642125,212.26608,209.90451,220.214404,1.25,2,0.3714,GUARDIAN_MOMENTUM_FLOOR,0.7266
DOTUSDT,2026-06-09 13:00:00+00:00,2026-06-09 14:00:00+00:00,SHORT,0.968516,0.953476,0.948086,0.983838,1.33,1,0.3682,GUARDIAN_MOMENTUM_FLOOR,0.7032
XRPUSDT,2026-06-09 20:00:00+00:00,2026-06-10 12:00:00+00:00,SHORT,1.142728,1.117859,1.1181,1.172018,0.84,16,0.5241,GUARDIAN_MOMENTUM_FLOOR,0.7475
TONUSDT,2026-06-09 20:00:00+00:00,2026-06-10 10:00:00+00:00,SHORT,1.721239,1.666333,1.657572,1.778217,1.12,14,0.7775,GUARDIAN_MOMENTUM_FLOOR,0.7533
AVAXUSDT,2026-06-09 22:00:00+00:00,2026-06-10 09:00:00+00:00,SHORT,6.611692,6.490244,6.436,6.783353,1.02,11,0.4392,GUARDIAN_MOMENTUM_FLOOR,0.7072
NEARUSDT,2026-06-10 00:00:00+00:00,2026-06-10 06:00:00+00:00,SHORT,2.13893,2.064032,2.013487,2.291361,0.82,6,0.8554,GUARDIAN_MOMENTUM_FLOOR,0.7821
ADAUSDT,2026-06-10 01:00:00+00:00,2026-06-10 07:00:00+00:00,SHORT,0.164518,0.161281,0.159672,0.171011,0.75,6,0.4719,GUARDIAN_MOMENTUM_FLOOR,0.7065
DOTUSDT,2026-06-10 07:00:00+00:00,2026-06-10 12:00:00+00:00,SHORT,0.945527,0.94147,0.924623,0.970226,0.85,5,0.0873,GUARDIAN_MOMENTUM_FLOOR,0.739
ARBUSDT,2026-06-10 07:00:00+00:00,2026-06-10 12:00:00+00:00,SHORT,0.0798,0.07955,0.0777,0.081867,1.02,5,0.0584,GUARDIAN_MOMENTUM_FLOOR,0.7399
XRPUSDT,2026-06-11 00:00:00+00:00,2026-06-11 16:00:00+00:00,LONG,1.101951,1.106946,1.1296,1.081462,1.35,16,0.0933,GUARDIAN_EXIT,0.7853
TAOUSDT,2026-06-11 00:00:00+00:00,2026-06-11 05:00:00+00:00,LONG,202.42116,207.226335,210.59,195.632531,1.2,5,0.5735,GUARDIAN_MOMENTUM_FLOOR,0.7744
ARBUSDT,2026-06-11 00:00:00+00:00,2026-06-11 03:00:00+00:00,LONG,0.077759,0.08047,0.08111,0.074803,1.13,3,0.8516,GUARDIAN_MOMENTUM_FLOOR,0.8249
DOTUSDT,2026-06-11 02:00:00+00:00,2026-06-11 09:00:00+00:00,LONG,0.929464,0.945527,0.956252,0.894303,0.76,7,0.412,GUARDIAN_MOMENTUM_FLOOR,0.7693
1000PEPEUSDT,2026-06-11 02:00:00+00:00,2026-06-11 06:00:00+00:00,LONG,0.002727,0.002752,0.002804,0.00262,0.73,4,0.2143,GUARDIAN_EXIT,0.7662
SUIUSDT,2026-06-11 20:00:00+00:00,2026-06-12 02:00:00+00:00,SHORT,0.75922,0.757579,0.738625,0.774949,1.31,6,0.0341,GUARDIAN_EXIT,0.8483
1000PEPEUSDT,2026-06-11 20:00:00+00:00,2026-06-13 08:00:00+00:00,SHORT,0.002791,0.002793,0.002715,0.00286,1.1,36,-0.0325,TIMEOUT,0.7108
TRXUSDT,2026-06-12 00:00:00+00:00,2026-06-13 12:00:00+00:00,SHORT,0.316002,0.31616,0.30842,0.32122,1.45,36,-0.0325,TIMEOUT,0.7301
DOGEUSDT,2026-06-12 04:00:00+00:00,2026-06-12 07:00:00+00:00,SHORT,0.086917,0.085943,0.08556,0.087933,1.33,3,0.26,GUARDIAN_MOMENTUM_FLOOR,0.7343
SUIUSDT,2026-06-12 04:00:00+00:00,2026-06-13 12:00:00+00:00,SHORT,0.756821,0.769833,0.741828,0.769448,1.19,32,-0.2643,LOSS,0.7197
ADAUSDT,2026-06-12 10:00:00+00:00,2026-06-13 15:00:00+00:00,SHORT,0.171114,0.174703,0.167051,0.174616,1.16,29,-0.398,LOSS,0.7299
HBARUSDT,2026-06-12 10:00:00+00:00,2026-06-12 15:00:00+00:00,LONG,0.0796,0.078013,0.081071,0.078052,0.95,5,-0.5183,LOSS,0.8801
BTCUSDT,2026-06-12 12:00:00+00:00,2026-06-13 14:00:00+00:00,SHORT,63401.98315,64156.547511,62623.642078,64124.485268,1.08,26,-0.3175,LOSS,0.79
1000SHIBUSDT,2026-06-12 12:00:00+00:00,2026-06-12 14:00:00+00:00,SHORT,0.004853,0.004918,0.004781,0.004915,1.14,2,-0.3567,LOSS,0.8313
AVAXUSDT,2026-06-12 12:00:00+00:00,2026-06-13 15:00:00+00:00,SHORT,6.607694,6.716936,6.50138,6.713579,1.0,27,-0.4333,LOSS,0.7885
LINKUSDT,2026-06-12 12:00:00+00:00,2026-06-13 11:00:00+00:00,SHORT,7.878059,7.973788,7.746,7.969803,1.44,23,-0.3238,LOSS,0.7033
POLUSDT,2026-06-12 12:00:00+00:00,2026-06-14 00:00:00+00:00,SHORT,0.074173,0.07421,0.072715,0.076004,0.8,36,-0.0325,TIMEOUT,0.7286
TAOUSDT,2026-06-12 12:00:00+00:00,2026-06-13 03:00:00+00:00,SHORT,213.53318,217.229055,208.29,217.120494,1.46,15,-0.4527,LOSS,0.7205
XRPUSDT,2026-06-12 14:00:00+00:00,2026-06-13 08:00:00+00:00,SHORT,1.147526,1.143171,1.125252,1.164231,1.33,18,0.0749,GUARDIAN_EXIT,0.707
DOGEUSDT,2026-06-12 14:00:00+00:00,2026-06-13 07:00:00+00:00,SHORT,0.090495,0.087074,0.08591,0.092603,2.17,17,0.9251,GUARDIAN_MOMENTUM_FLOOR,0.787
1000SHIBUSDT,2026-06-12 14:00:00+00:00,2026-06-13 05:00:00+00:00,SHORT,0.004922,0.004897,0.004781,0.004993,1.96,15,0.1024,GUARDIAN_EXIT,0.8867
TRXUSDT,2026-06-13 21:00:00+00:00,2026-06-14 00:00:00+00:00,LONG,0.317088,0.3158,0.318596,0.315958,1.33,3,-0.1216,LOSS,0.7974
ETHUSDT,2026-06-14 01:00:00+00:00,2026-06-14 15:00:00+00:00,SHORT,1682.128515,1662.87102,1666.211398,1702.079279,0.8,14,0.2662,GUARDIAN_MOMENTUM_FLOOR,0.7422
POLUSDT,2026-06-14 01:00:00+00:00,2026-06-14 08:00:00+00:00,LONG,0.075778,0.074862,0.076701,0.074899,1.05,7,-0.3222,LOSS,0.7572
BNBUSDT,2026-06-14 13:00:00+00:00,2026-06-14 15:00:00+00:00,SHORT,611.144275,608.62416,606.874437,614.507459,1.27,2,0.0831,GUARDIAN_MOMENTUM_FLOOR,0.7488
DOGEUSDT,2026-06-14 19:00:00+00:00,2026-06-14 21:00:00+00:00,SHORT,0.086317,0.087333,0.085361,0.087289,0.98,2,-0.3142,LOSS,0.7216
BTCUSDT,2026-06-14 20:00:00+00:00,2026-06-15 20:00:00+00:00,LONG,64010.08905,66456.3552,64531.2,63531.066978,1.09,24,0.9354,GUARDIAN_MOMENTUM_EXIT,0.8748
ADAUSDT,2026-06-14 20:00:00+00:00,2026-06-15 01:00:00+00:00,LONG,0.166883,0.18021,0.1698,0.164516,1.23,5,1.9764,GUARDIAN_MOMENTUM_FLOOR,0.8069
LINKUSDT,2026-06-14 20:00:00+00:00,2026-06-15 20:00:00+00:00,LONG,7.852924,8.366814,7.953029,7.761974,1.1,24,1.616,GUARDIAN_MOMENTUM_FLOOR,0.7686
AVAXUSDT,2026-06-14 21:00:00+00:00,2026-06-15 11:00:00+00:00,SHORT,6.708644,6.854201,6.371,6.850776,2.38,14,-0.5624,LOSS,0.7083
SUIUSDT,2026-06-14 21:00:00+00:00,2026-06-14 23:00:00+00:00,SHORT,0.784408,0.799609,0.7443,0.799209,2.71,2,-0.5045,LOSS,0.7193
1000PEPEUSDT,2026-06-14 21:00:00+00:00,2026-06-15 11:00:00+00:00,SHORT,0.002891,0.002947,0.002763,0.002946,2.38,14,-0.5011,LOSS,0.85
TRXUSDT,2026-06-14 23:00:00+00:00,2026-06-16 11:00:00+00:00,LONG,0.321821,0.32166,0.324998,0.316956,0.65,36,-0.0325,TIMEOUT,0.7662
POLUSDT,2026-06-15 08:00:00+00:00,2026-06-15 13:00:00+00:00,LONG,0.077018,0.078201,0.078201,0.076131,1.33,5,0.3638,GUARDIAN_MOMENTUM_FLOOR,0.8097
TAOUSDT,2026-06-15 08:00:00+00:00,2026-06-15 13:00:00+00:00,LONG,273.5367,275.372245,295.704543,256.910817,1.33,5,0.1478,GUARDIAN_EXIT,0.8074
HBARUSDT,2026-06-15 09:00:00+00:00,2026-06-15 16:00:00+00:00,LONG,0.081231,0.083168,0.082745,0.080095,1.33,7,0.5764,GUARDIAN_MOMENTUM_FLOOR,0.8109
ADAUSDT,2026-06-15 10:00:00+00:00,2026-06-15 12:00:00+00:00,LONG,0.182891,0.186906,0.188043,0.178112,1.08,2,0.5288,GUARDIAN_MOMENTUM_FLOOR,0.7575
TAOUSDT,2026-06-15 17:00:00+00:00,2026-06-16 07:00:00+00:00,SHORT,273.82302,269.244555,257.566932,296.064022,0.73,14,0.398,GUARDIAN_EXIT,0.8451
POLUSDT,2026-06-15 20:00:00+00:00,2026-06-16 02:00:00+00:00,LONG,0.078369,0.077351,0.07961,0.07739,1.27,6,-0.3448,LOSS,0.7585
HBARUSDT,2026-06-15 20:00:00+00:00,2026-06-16 09:00:00+00:00,LONG,0.082781,0.083628,0.084539,0.081311,1.19,13,0.2357,GUARDIAN_MOMENTUM_FLOOR,0.84
SUIUSDT,2026-06-16 11:00:00+00:00,2026-06-16 14:00:00+00:00,SHORT,0.794503,0.78049,0.77572,0.814696,0.93,3,0.4209,GUARDIAN_MOMENTUM_FLOOR,0.7091
DOGEUSDT,2026-06-16 12:00:00+00:00,2026-06-16 15:00:00+00:00,SHORT,0.088336,0.087174,0.08665,0.089445,1.52,3,0.3089,GUARDIAN_MOMENTUM_FLOOR,0.7548
SOLUSDT,2026-06-16 18:00:00+00:00,2026-06-17 12:00:00+00:00,SHORT,73.94301,72.326145,72.235304,75.936926,0.86,18,0.5267,GUARDIAN_MOMENTUM_FLOOR,0.7617
DOGEUSDT,2026-06-16 18:00:00+00:00,2026-06-17 12:00:00+00:00,SHORT,0.087496,0.086243,0.085752,0.089326,0.95,18,0.3381,GUARDIAN_MOMENTUM_FLOOR,0.7717
LINKUSDT,2026-06-16 18:00:00+00:00,2026-06-17 12:00:00+00:00,SHORT,8.294851,8.175086,8.086,8.524603,0.91,18,0.341,GUARDIAN_MOMENTUM_FLOOR,0.7687
SUIUSDT,2026-06-16 18:00:00+00:00,2026-06-17 01:00:00+00:00,SHORT,0.793803,0.809753,0.7716,0.809348,1.43,7,-0.5223,LOSS,0.7627
ARBUSDT,2026-06-16 19:00:00+00:00,2026-06-17 01:00:00+00:00,SHORT,0.085237,0.088195,0.082955,0.088151,0.78,6,-0.8874,LOSS,0.7169
TONUSDT,2026-06-16 20:00:00+00:00,2026-06-17 20:00:00+00:00,SHORT,1.661469,1.636018,1.612989,1.71092,0.98,24,0.1246,GUARDIAN_MOMENTUM_FLOOR,0.7644
1000SHIBUSDT,2026-06-16 20:00:00+00:00,2026-06-17 20:00:00+00:00,SHORT,0.004993,0.004959,0.004911,0.005061,1.19,24,0.0214,GUARDIAN_MOMENTUM_FLOOR,0.815
ONDOUSDT,2026-06-16 20:00:00+00:00,2026-06-17 00:00:00+00:00,SHORT,0.377211,0.376488,0.361671,0.390985,1.13,4,0.0279,GUARDIAN_EXIT,0.7492
1000PEPEUSDT,2026-06-17 00:00:00+00:00,2026-06-17 12:00:00+00:00,SHORT,0.002961,0.002953,0.0029,0.003013,1.15,12,0.0479,GUARDIAN_EXIT,0.7349
SUIUSDT,2026-06-17 05:00:00+00:00,2026-06-17 12:00:00+00:00,SHORT,0.804598,0.791496,0.785555,0.823761,0.99,7,0.3871,GUARDIAN_MOMENTUM_FLOOR,0.7696
BNBUSDT,2026-06-17 13:00:00+00:00,2026-06-17 18:00:00+00:00,SHORT,608.6955,608.46408,601.088502,614.400748,1.33,5,-0.0105,GUARDIAN_MOMENTUM_FLOOR,0.7461
BTCUSDT,2026-06-17 14:00:00+00:00,2026-06-17 16:00:00+00:00,LONG,65104.9362,65796.78515,65973.959979,64307.744055,1.09,2,0.2457,GUARDIAN_MOMENTUM_FLOOR,0.7748
ONDOUSDT,2026-06-17 16:00:00+00:00,2026-06-17 23:00:00+00:00,SHORT,0.377011,0.364782,0.36277,0.387692,1.33,7,0.7909,GUARDIAN_MOMENTUM_FLOOR,0.7299
BTCUSDT,2026-06-17 18:00:00+00:00,2026-06-17 23:00:00+00:00,SHORT,65448.55935,64505.13645,64204.398027,66381.680342,1.33,5,0.3404,GUARDIAN_MOMENTUM_FLOOR,0.7022
BNBUSDT,2026-06-17 18:00:00+00:00,2026-06-17 22:00:00+00:00,SHORT,607.85592,600.189945,597.158727,615.878815,1.33,4,0.2953,GUARDIAN_MOMENTUM_FLOOR,0.8195
XRPUSDT,2026-06-17 18:00:00+00:00,2026-06-17 20:00:00+00:00,SHORT,1.207496,1.190095,1.179923,1.228175,1.33,2,0.3403,GUARDIAN_MOMENTUM_FLOOR,0.7243
TRXUSDT,2026-06-17 18:00:00+00:00,2026-06-18 15:00:00+00:00,LONG,0.32072,0.319025,0.322542,0.319185,1.19,21,-0.1522,LOSS,0.7916
AVAXUSDT,2026-06-17 18:00:00+00:00,2026-06-17 20:00:00+00:00,SHORT,6.887554,6.789393,6.690157,7.035603,1.33,2,0.3363,GUARDIAN_MOMENTUM_FLOOR,0.7835
LINKUSDT,2026-06-17 18:00:00+00:00,2026-06-17 20:00:00+00:00,SHORT,8.23588,8.102049,8.003945,8.409831,1.33,2,0.3862,GUARDIAN_MOMENTUM_FLOOR,0.7487
1000PEPEUSDT,2026-06-17 18:00:00+00:00,2026-06-17 22:00:00+00:00,SHORT,0.00297,0.002934,0.002878,0.003039,1.33,4,0.2851,GUARDIAN_MOMENTUM_FLOOR,0.8692
ARBUSDT,2026-06-17 18:00:00+00:00,2026-06-17 20:00:00+00:00,SHORT,0.087226,0.085883,0.084151,0.089533,1.33,2,0.365,GUARDIAN_MOMENTUM_FLOOR,0.7278
HBARUSDT,2026-06-17 22:00:00+00:00,2026-06-19 04:00:00+00:00,LONG,0.08088,0.078947,0.083406,0.078986,1.33,30,-0.3668,LOSS,0.7658
POLUSDT,2026-06-17 23:00:00+00:00,2026-06-18 07:00:00+00:00,SHORT,0.076822,0.076648,0.07491,0.079028,0.87,8,0.0364,GUARDIAN_EXIT,0.783
TONUSDT,2026-06-18 00:00:00+00:00,2026-06-18 12:00:00+00:00,SHORT,1.668665,1.66023,1.6023,1.706667,1.75,12,0.1064,GUARDIAN_EXIT,0.7587
DOGEUSDT,2026-06-18 01:00:00+00:00,2026-06-18 06:00:00+00:00,SHORT,0.086157,0.084672,0.084393,0.088301,0.82,5,0.4108,GUARDIAN_MOMENTUM_FLOOR,0.7113
ADAUSDT,2026-06-18 01:00:00+00:00,2026-06-18 07:00:00+00:00,SHORT,0.167716,0.166683,0.163045,0.173968,0.75,6,0.134,GUARDIAN_EXIT,0.7056
ARBUSDT,2026-06-18 01:00:00+00:00,2026-06-18 07:00:00+00:00,SHORT,0.087186,0.085002,0.08385,0.089832,1.26,6,0.6062,GUARDIAN_MOMENTUM_FLOOR,0.707
LINKUSDT,2026-06-18 02:00:00+00:00,2026-06-18 06:00:00+00:00,SHORT,8.102946,7.979988,7.911692,8.414814,0.61,4,0.3594,GUARDIAN_MOMENTUM_FLOOR,0.7554
ONDOUSDT,2026-06-18 02:00:00+00:00,2026-06-18 06:00:00+00:00,SHORT,0.370415,0.36048,0.355645,0.387992,0.84,4,0.6505,GUARDIAN_MOMENTUM_FLOOR,0.8199
ADAUSDT,2026-06-18 07:00:00+00:00,2026-06-18 16:00:00+00:00,SHORT,0.166517,0.162181,0.162388,0.169732,1.28,9,0.6309,GUARDIAN_MOMENTUM_FLOOR,0.7583
SOLUSDT,2026-06-18 08:00:00+00:00,2026-06-18 12:00:00+00:00,SHORT,71.78409,71.545755,70.346573,72.999379,1.18,4,0.063,GUARDIAN_EXIT,0.7758
XRPUSDT,2026-06-18 08:00:00+00:00,2026-06-18 16:00:00+00:00,SHORT,1.177211,1.147373,1.157232,1.196495,1.04,8,0.6137,GUARDIAN_MOMENTUM_FLOOR,0.7123
DOTUSDT,2026-06-18 08:00:00+00:00,2026-06-18 14:00:00+00:00,SHORT,0.982508,0.979489,0.956906,1.016401,0.76,6,0.0568,GUARDIAN_EXIT,0.7193
ONDOUSDT,2026-06-18 08:00:00+00:00,2026-06-18 19:00:00+00:00,SHORT,0.366017,0.356878,0.352446,0.376195,1.33,11,0.0263,GUARDIAN_MOMENTUM_FLOOR,0.7722
ETHUSDT,2026-06-18 09:00:00+00:00,2026-06-18 19:00:00+00:00,SHORT,1744.68722,1705.642395,1715.933582,1769.528409,1.16,10,0.5395,GUARDIAN_MOMENTUM_FLOOR,0.7915
LINKUSDT,2026-06-18 09:00:00+00:00,2026-06-18 16:00:00+00:00,SHORT,8.030982,7.850924,7.872634,8.171587,1.13,7,0.5405,GUARDIAN_MOMENTUM_FLOOR,0.7566
ARBUSDT,2026-06-18 09:00:00+00:00,2026-06-18 12:00:00+00:00,SHORT,0.085467,0.085243,0.083043,0.088376,0.83,3,0.0457,GUARDIAN_EXIT,0.7415
DOGEUSDT,2026-06-18 12:00:00+00:00,2026-06-18 19:00:00+00:00,SHORT,0.084758,0.082891,0.083439,0.085747,1.33,7,0.5304,GUARDIAN_MOMENTUM_FLOOR,0.8295
AVAXUSDT,2026-06-18 12:00:00+00:00,2026-06-18 19:00:00+00:00,SHORT,6.65767,6.353175,6.529486,6.753807,1.33,7,1.1234,GUARDIAN_MOMENTUM_FLOOR,0.8076
SUIUSDT,2026-06-18 12:00:00+00:00,2026-06-18 13:00:00+00:00,SHORT,0.749225,0.737969,0.730683,0.768036,0.99,1,0.3556,GUARDIAN_MOMENTUM_FLOOR,0.8151
NEARUSDT,2026-06-18 13:00:00+00:00,2026-06-18 17:00:00+00:00,SHORT,2.268865,2.172085,2.148,2.336917,1.78,4,1.0464,GUARDIAN_MOMENTUM_FLOOR,0.752
POLUSDT,2026-06-18 18:00:00+00:00,2026-06-19 16:00:00+00:00,LONG,0.076798,0.07919,0.079295,0.074056,0.91,22,0.7587,GUARDIAN_MOMENTUM_FLOOR,0.7638
LINKUSDT,2026-06-18 20:00:00+00:00,2026-06-19 12:00:00+00:00,SHORT,7.979008,7.856926,7.763,8.174076,1.11,16,0.3625,GUARDIAN_MOMENTUM_FLOOR,0.7305
SUIUSDT,2026-06-18 23:00:00+00:00,2026-06-19 05:00:00+00:00,SHORT,0.728735,0.714457,0.7072,0.756001,0.79,6,0.4698,GUARDIAN_MOMENTUM_FLOOR,0.7842
NEARUSDT,2026-06-18 23:00:00+00:00,2026-06-19 06:00:00+00:00,SHORT,2.234882,2.151075,2.126,2.324687,1.21,7,0.9175,GUARDIAN_MOMENTUM_FLOOR,0.7644
1000SHIBUSDT,2026-06-19 00:00:00+00:00,2026-06-19 13:00:00+00:00,SHORT,0.004769,0.004761,0.004621,0.004872,1.42,13,0.0179,GUARDIAN_EXIT,0.7913
ONDOUSDT,2026-06-19 00:00:00+00:00,2026-06-19 12:00:00+00:00,SHORT,0.362619,0.351776,0.348679,0.381985,0.72,12,0.7275,GUARDIAN_MOMENTUM_FLOOR,0.7015
BTCUSDT,2026-06-19 08:00:00+00:00,2026-06-19 16:00:00+00:00,LONG,62606.98785,62912.22815,63344.838299,62052.737388,1.33,8,0.1019,GUARDIAN_MOMENTUM_FLOOR,0.7664
ETHUSDT,2026-06-19 08:00:00+00:00,2026-06-20 08:00:00+00:00,LONG,1698.16866,1721.31891,1723.607195,1673.670366,1.04,24,0.3208,GUARDIAN_MOMENTUM_FLOOR,0.8
1000PEPEUSDT,2026-06-19 18:00:00+00:00,2026-06-21 06:00:00+00:00,SHORT,0.002812,0.002814,0.002751,0.002859,1.33,36,-0.0325,TIMEOUT,0.7867
SOLUSDT,2026-06-19 19:00:00+00:00,2026-06-20 03:00:00+00:00,SHORT,68.88554,69.934128,67.534022,69.899179,1.33,8,-0.4006,LOSS,0.7089
SUIUSDT,2026-06-19 21:00:00+00:00,2026-06-21 09:00:00+00:00,LONG,0.709855,0.7095,0.724343,0.697478,1.17,36,-0.0343,TIMEOUT,0.7624
NEARUSDT,2026-06-19 21:00:00+00:00,2026-06-20 07:00:00+00:00,LONG,2.131065,2.13793,2.201572,2.065373,1.07,10,0.0605,GUARDIAN_EXIT,0.7535
HBARUSDT,2026-06-19 21:00:00+00:00,2026-06-20 23:00:00+00:00,LONG,0.08024,0.08061,0.081674,0.078452,0.8,26,0.0951,GUARDIAN_EXIT,0.8086
AVAXUSDT,2026-06-20 07:00:00+00:00,2026-06-20 13:00:00+00:00,SHORT,6.142927,6.120058,5.796,6.356575,1.62,6,0.0731,GUARDIAN_EXIT,0.7634
XRPUSDT,2026-06-20 08:00:00+00:00,2026-06-21 20:00:00+00:00,SHORT,1.145727,1.1463,1.133083,1.157461,1.08,36,-0.0325,TIMEOUT,0.7001
DOTUSDT,2026-06-20 08:00:00+00:00,2026-06-20 14:00:00+00:00,SHORT,0.964518,0.963481,0.947483,0.978259,1.24,6,0.0069,GUARDIAN_EXIT,0.7938
ADAUSDT,2026-06-20 09:00:00+00:00,2026-06-20 14:00:00+00:00,SHORT,0.163618,0.161881,0.161004,0.165654,1.28,5,0.2454,GUARDIAN_MOMENTUM_FLOOR,0.7582
1000SHIBUSDT,2026-06-20 09:00:00+00:00,2026-06-20 14:00:00+00:00,SHORT,0.004732,0.004702,0.004677,0.004788,0.97,5,0.1347,GUARDIAN_MOMENTUM_FLOOR,0.7897
POLUSDT,2026-06-20 09:00:00+00:00,2026-06-21 09:00:00+00:00,SHORT,0.082469,0.07951,0.0804,0.084435,1.05,24,0.877,GUARDIAN_MOMENTUM_EXIT,0.7434
LINKUSDT,2026-06-20 10:00:00+00:00,2026-06-20 14:00:00+00:00,SHORT,7.949024,7.934966,7.844443,8.037145,1.19,4,0.0242,GUARDIAN_MOMENTUM_FLOOR,0.7406
ETHUSDT,2026-06-20 13:00:00+00:00,2026-06-20 14:00:00+00:00,LONG,1717.41828,1731.89362,1735.125486,1701.163199,1.09,1,0.1907,GUARDIAN_MOMENTUM_FLOOR,0.7723
ARBUSDT,2026-06-20 14:00:00+00:00,2026-06-21 01:00:00+00:00,LONG,0.083412,0.084018,0.085412,0.081911,1.33,11,0.1617,GUARDIAN_EXIT,0.7854
1000SHIBUSDT,2026-06-20 19:00:00+00:00,2026-06-21 20:00:00+00:00,SHORT,0.004704,0.004678,0.004646,0.004747,1.31,25,0.1145,GUARDIAN_EXIT,0.7669
ARBUSDT,2026-06-21 09:00:00+00:00,2026-06-22 00:00:00+00:00,SHORT,0.084338,0.083282,0.08275,0.085529,1.33,15,0.2931,GUARDIAN_MOMENTUM_FLOOR,0.7201
TAOUSDT,2026-06-21 10:00:00+00:00,2026-06-21 21:00:00+00:00,SHORT,234.94247,233.03646,227.838486,243.765996,0.81,11,0.1828,GUARDIAN_EXIT,0.7408
ONDOUSDT,2026-06-21 19:00:00+00:00,2026-06-22 00:00:00+00:00,SHORT,0.34003,0.336568,0.333185,0.345163,1.33,5,0.2345,GUARDIAN_MOMENTUM_FLOOR,0.7139
ETHUSDT,2026-06-22 00:00:00+00:00,2026-06-22 08:00:00+00:00,SHORT,1725.326905,1747.143109,1697.402813,1746.269974,1.33,8,-0.3361,LOSS,0.7687
XRPUSDT,2026-06-22 00:00:00+00:00,2026-06-22 08:00:00+00:00,SHORT,1.138131,1.1387,1.119101,1.153857,1.21,9,-0.0325,TIMEOUT,0.7156
SUIUSDT,2026-06-22 00:00:00+00:00,2026-06-22 08:00:00+00:00,SHORT,0.704648,0.705,0.6878,0.718406,1.22,9,-0.0325,TIMEOUT,0.7096
POLUSDT,2026-06-22 00:00:00+00:00,2026-06-22 08:00:00+00:00,SHORT,0.08001,0.08005,0.078248,0.08232,0.76,9,-0.0325,TIMEOUT,0.8108
ARBUSDT,2026-06-22 00:00:00+00:00,2026-06-22 07:00:00+00:00,SHORT,0.083198,0.084985,0.081269,0.084942,1.11,7,-0.5568,LOSS,0.9156
BTCUSDT,2026-06-22 01:00:00+00:00,2026-06-22 08:00:00+00:00,SHORT,64542.21275,64574.483856,63600.727938,65248.326359,1.33,8,-0.0325,TIMEOUT,0.8101
SOLUSDT,2026-06-22 01:00:00+00:00,2026-06-22 08:00:00+00:00,SHORT,74.28284,74.319981,72.435753,75.668156,1.33,8,-0.0325,TIMEOUT,0.7068
BNBUSDT,2026-06-22 01:00:00+00:00,2026-06-22 08:00:00+00:00,SHORT,594.512595,594.809851,585.58,600.389214,1.52,8,-0.0325,TIMEOUT,0.8532
LINKUSDT,2026-06-22 01:00:00+00:00,2026-06-22 08:00:00+00:00,SHORT,7.954021,7.957998,7.788309,8.078305,1.33,8,-0.0325,TIMEOUT,0.7308
1000PEPEUSDT,2026-06-22 01:00:00+00:00,2026-06-22 08:00:00+00:00,SHORT,0.002856,0.002846,0.00278,0.0029,1.7,7,0.0618,GUARDIAN_EXIT,0.8644
ADAUSDT,2026-06-22 06:00:00+00:00,2026-06-22 08:00:00+00:00,LONG,0.16038,0.1603,0.164102,0.155469,0.76,3,-0.0325,TIMEOUT,0.7639
ONDOUSDT,2026-06-22 06:00:00+00:00,2026-06-22 08:00:00+00:00,LONG,0.336268,0.3361,0.344181,0.327422,0.89,3,-0.0325,TIMEOUT,0.8254
