source,model,symbol,direction,is_live,ts_in_utc,ts_out_utc,ts_in_wita,ts_out_wita,date_entry_utc,date_entry_wita,entry,exit,tp,sl,outcome,net_pnl,modal_used,signal_confidence,hold_bars,status,is_win
live_db,ic32_regime_v1,AVAXUSDT,SHORT,1,2026-06-08T02:05:03.672429+00:00,2026-06-08T05:43:58.151911+00:00,2026-06-08 10:05:03,2026-06-08 13:43:58,2026-06-08,2026-06-08,6.6976495,6.561279,6.459271717482471,7.026594445629382,guardian_exit,0.0978,5.0,0.6954,3,closed,True
live_db,ic32_regime_v1,AVAXUSDT,SHORT,1,2026-06-08T08:05:04.137487+00:00,2026-06-08T11:18:58.856635+00:00,2026-06-08 16:05:04,2026-06-08 19:18:58,2026-06-08,2026-06-08,6.6656655,6.767382,6.46762805996585,6.9095093600085375,guardian_exit,-0.2329,5.0,0.5902,3,closed,False
live_db,ic32_regime_v1,XRPUSDT,LONG,1,2026-06-08T08:05:17.846856+00:00,2026-06-08T11:23:58.691540+00:00,2026-06-08 16:05:17,2026-06-08 19:23:58,2026-06-08,2026-06-08,1.1455724999999999,1.1606194,1.1710403814189259,1.1247330296452684,guardian_exit,0.193,5.0,0.7593,3,closed,True
live_db,ic32_regime_v1,1000PEPEUSDT,LONG,1,2026-06-08T09:05:08.394974+00:00,2026-06-08T11:38:11.349456+00:00,2026-06-08 17:05:08,2026-06-08 19:38:11,2026-06-08,2026-06-08,0.0027799892999999997,0.00283268295,0.002850545728367561,0.0027268608929081097,guardian_exit,0.2803,5.0,0.7408,2,closed,True
live_db,ic32_regime_v1,HBARUSDT,LONG,1,2026-06-08T09:05:25.908217+00:00,2026-06-08T11:38:12.394637+00:00,2026-06-08 17:05:25,2026-06-08 19:38:12,2026-06-08,2026-06-08,0.08150073,0.08235880000000001,0.08290249999040786,0.08035955750239804,guardian_exit,0.1539,5.0,0.7995,2,closed,True
live_db,ic32_regime_v1,NEARUSDT,SHORT,1,2026-06-08T12:05:06.171771+00:00,2026-06-08T15:02:18.996467+00:00,2026-06-08 20:05:06,2026-06-08 23:02:18,2026-06-08,2026-06-08,2.1039475000000003,2.179089,1.9876694744788996,2.224069506380275,guardian_exit,-0.5397,5.0,0.802,2,closed,False
live_db,ic32_regime_v1,TAOUSDT,LONG,1,2026-06-08T12:05:32.744396+00:00,2026-06-08T14:35:30.971265+00:00,2026-06-08 20:05:32,2026-06-08 22:35:30,2026-06-08,2026-06-08,210.89539499999998,214.622635,217.7390409760191,204.90908850599521,guardian_exit,0.2611,5.0,0.7148,2,closed,True
live_db,ic32_regime_v1,AVAXUSDT,SHORT,1,2026-06-08T16:05:07.670440+00:00,2026-06-09T00:33:49.506793+00:00,2026-06-09 00:05:07,2026-06-09 08:33:49,2026-06-08,2026-06-09,6.798599,6.633315,6.6016260119999695,6.946328741000023,guardian_exit,0.6038,5.0,0.7068,8,closed,True
live_db,ic32_regime_v1,POLUSDT,LONG,1,2026-06-08T17:05:06.767677+00:00,2026-06-08T19:08:49.394420+00:00,2026-06-09 01:05:06,2026-06-09 03:08:49,2026-06-08,2026-06-09,0.079769865,0.07862067,0.08152986231406745,0.07815000067148313,guardian_exit,-0.3642,5.0,0.7764,2,closed,False
live_db,ic32_regime_v1,NEARUSDT,SHORT,1,2026-06-08T20:05:05.297722+00:00,2026-06-09T00:33:50.397143+00:00,2026-06-09 04:05:05,2026-06-09 08:33:50,2026-06-08,2026-06-09,2.1719135,2.0750369999999996,2.062921641554805,2.2912479646112986,guardian_exit,1.1111,5.0,0.6767,4,closed,True
live_db,ic32_regime_v1,ETHUSDT,LONG,1,2026-06-08T20:05:12.640573+00:00,2026-06-08T23:08:49.979899+00:00,2026-06-09 04:05:12,2026-06-09 07:08:49,2026-06-08,2026-06-09,1686.50283,1709.194975,1718.413288095148,1656.942385476213,guardian_exit,0.3324,5.0,0.74,3,closed,True
live_db,ic32_regime_v1,ARBUSDT,LONG,1,2026-06-08T21:05:16.689494+00:00,2026-06-08T23:18:49.781413+00:00,2026-06-09 05:05:16,2026-06-09 07:18:49,2026-06-08,2026-06-09,0.08324159999999999,0.08205895,0.08522071138914081,0.08175726645814436,guardian_exit,-0.3592,5.0,0.7565,2,closed,False
live_db,ic32_regime_v1,TAOUSDT,SHORT,1,2026-06-08T22:05:31.310701+00:00,2026-06-09T00:23:49.768913+00:00,2026-06-09 06:05:31,2026-06-09 08:23:49,2026-06-08,2026-06-09,216.39175,211.94592,210.41,221.01696881536816,guardian_exit,0.5096,5.0,0.6302,2,closed,True
live_db,ic32_regime_v1,AVAXUSDT,SHORT,1,2026-06-09T05:05:04.982810+00:00,2026-06-09T10:45:46.077290+00:00,2026-06-09 13:05:04,2026-06-09 18:45:46,2026-06-09,2026-06-09,6.7536215,6.673335,6.584,6.922366010876632,guardian_exit,0.2932,5.0,0.6374,5,closed,True
live_db,ic32_regime_v1,ETHUSDT,LONG,1,2026-06-09T05:05:13.889039+00:00,2026-06-09T09:08:49.630883+00:00,2026-06-09 13:05:13,2026-06-09 17:08:49,2026-06-09,2026-06-09,1687.4332949999998,1671.1040300000002,1724.5676445781733,1643.8064126054567,guardian_exit,-0.2459,5.0,0.7155,4,closed,False
live_db,ic32_regime_v1,TONUSDT,SHORT,1,2026-06-09T05:05:16.974013+00:00,2026-06-09T07:08:49.803489+00:00,2026-06-09 13:05:16,2026-06-09 15:08:49,2026-06-09,2026-06-09,1.7361315000000002,1.7694842999999998,1.6681,1.8015864947978633,guardian_exit,-0.4843,5.0,0.7041,2,closed,False
live_db,ic32_regime_v1,ADAUSDT,LONG,1,2026-06-09T07:05:28.246059+00:00,2026-06-09T09:33:49.417568+00:00,2026-06-09 15:05:28,2026-06-09 17:33:49,2026-06-09,2026-06-09,0.16998495,0.16691650000000002,0.17486541075262318,0.1636798848118442,guardian_exit,-0.4553,5.0,0.7538,2,closed,False
live_db,ic32_regime_v1,ONDOUSDT,SHORT,1,2026-06-09T11:05:26.344725+00:00,2026-06-09T15:00:46.242013+00:00,2026-06-09 19:05:26,2026-06-09 23:00:46,2026-06-09,2026-06-09,0.3630184,0.36168075,0.3501865048497281,0.378007973787568,guardian_exit,0.0881,5.0,0.6437,3,closed,True
live_db,ic32_regime_v1,AVAXUSDT,SHORT,1,2026-06-09T13:05:03.876296+00:00,2026-06-09T15:01:23.019566+00:00,2026-06-09 21:05:03,2026-06-09 23:01:23,2026-06-09,2026-06-09,6.7236365000000005,6.599,6.605147289285299,6.8186223026786745,manual_close,0.4594,5.0,0.628,1,closed,True
live_db,ic32_regime_v1,HBARUSDT,LONG,1,2026-06-09T13:05:25.741262+00:00,2026-06-09T14:30:46.300860+00:00,2026-06-09 21:05:25,2026-06-09 22:30:46,2026-06-09,2026-06-09,0.08072034,0.07949110950887206,0.08179684021461907,0.07953087494634523,sl_hit,-0.3847,5.0,0.7785,1,closed,False
live_db,ic32_regime_v1,BNBUSDT,SHORT,1,2026-06-09T18:05:10.556236+00:00,2026-06-09T20:05:46.492379+00:00,2026-06-10 02:05:10,2026-06-10 04:05:46,2026-06-09,2026-06-10,591.86392,597.8487749999999,582.1030659910583,603.0902135022354,guardian_exit,-0.2568,5.0,0.6554,2,closed,False
live_db,ic32_regime_v1,TONUSDT,SHORT,1,2026-06-09T20:05:13.784141+00:00,2026-06-10T02:15:46.514295+00:00,2026-06-10 04:05:13,2026-06-10 10:15:46,2026-06-09,2026-06-10,1.7107442000000002,1.6802397,1.6504371904185455,1.7773767523953636,guardian_exit,0.4418,5.0,0.7512,6,closed,True
live_db,ic32_regime_v1,TAOUSDT,SHORT,1,2026-06-09T20:05:33.971657+00:00,2026-06-09T22:50:46.481394+00:00,2026-06-10 04:05:33,2026-06-10 06:50:46,2026-06-09,2026-06-10,210.45472,206.453175,204.16788620194927,218.6517084495127,guardian_exit,0.4713,5.0,0.7381,2,closed,True
live_db,ic32_regime_v1,XRPUSDT,SHORT,1,2026-06-09T21:05:15.683224+00:00,2026-06-10T00:45:46.524320+00:00,2026-06-10 05:05:15,2026-06-10 08:45:46,2026-06-09,2026-06-10,1.1412290999999999,1.128564,1.1181,1.1714758317110323,guardian_exit,0.2734,5.0,0.7188,3,closed,True
live_db,ic32_regime_v1,ETHUSDT,SHORT,1,2026-06-09T23:05:10.739201+00:00,2026-06-10T02:38:16.217894+00:00,2026-06-10 07:05:10,2026-06-10 10:38:16,2026-06-09,2026-06-10,1638.4103850000001,1624.6018949999998,1609.2053654494794,1670.2812548876302,guardian_exit,0.2067,5.0,0.6578,3,closed,True
live_db,ic32_regime_v1,NEARUSDT,SHORT,1,2026-06-10T01:05:05.067314+00:00,2026-06-10T05:38:16.965391+00:00,2026-06-10 09:05:05,2026-06-10 13:38:16,2026-06-10,2026-06-10,2.140929,2.0580285,2.0290115959213035,2.2879793510196738,guardian_exit,0.964,5.0,0.693,4,closed,True
live_db,ic32_regime_v1,AVAXUSDT,SHORT,1,2026-06-10T03:05:03.491968+00:00,2026-06-10T05:38:17.893779+00:00,2026-06-10 11:05:03,2026-06-10 13:38:17,2026-06-10,2026-06-10,6.5707130000000005,6.4962465,6.432403583660805,6.7325773540848,guardian_exit,0.2793,5.0,0.6934,2,closed,True
live_db,ic32_regime_v1,AVAXUSDT,SHORT,1,2026-06-10T05:05:03.905321+00:00,2026-06-10T08:43:18.883587+00:00,2026-06-10 13:05:03,2026-06-10 16:43:18,2026-06-10,2026-06-10,6.549723500000001,6.4562265,6.419566945801523,6.73053913854962,guardian_exit,0.3529,5.0,0.6941,3,closed,True
live_db,ic32_regime_v1,AVAXUSDT,SHORT,1,2026-06-10T07:05:07.565548+00:00,2026-06-10T09:18:18.211508+00:00,2026-06-10 15:05:07,2026-06-10 17:18:18,2026-06-10,2026-06-10,6.5357305,6.469233,6.4071074289205505,6.707155767769862,guardian_exit,0.2504,5.0,0.7253,2,closed,True
live_db,ic32_regime_v1,ETHUSDT,SHORT,1,2026-06-10T07:05:16.567078+00:00,2026-06-10T09:13:18.142151+00:00,2026-06-10 15:05:16,2026-06-10 17:13:18,2026-06-10,2026-06-10,1631.733725,1618.30875,1605.091361198966,1652.9305909502584,guardian_exit,0.2017,5.0,0.7187,2,closed,True
live_db,ic32_regime_v1,LINKUSDT,SHORT,1,2026-06-10T07:05:27.168669+00:00,2026-06-10T09:13:19.059811+00:00,2026-06-10 15:05:27,2026-06-10 17:13:19,2026-06-10,2026-06-10,7.736130000000001,7.6708335,7.599345609747046,7.905196097563239,guardian_exit,0.207,5.0,0.6237,2,closed,True
live_db,ic32_regime_v1,XRPUSDT,SHORT,1,2026-06-10T17:05:15.986723+00:00,2026-06-10T19:06:20.419638+00:00,2026-06-11 01:05:15,2026-06-11 03:06:20,2026-06-10,2026-06-11,1.1166414,1.1037515999999998,1.090452267280093,1.143447283179977,guardian_exit,0.2846,5.0,0.731,2,closed,True
live_db,ic32_regime_v1,1000SHIBUSDT,LONG,1,2026-06-10T19:05:28.006701+00:00,2026-06-10T21:06:19.944562+00:00,2026-06-11 03:05:28,2026-06-11 05:06:19,2026-06-10,2026-06-11,0.004676337,0.0045996990000000005,0.004778235982846921,0.00459052525428827,guardian_exit,-0.4137,5.0,0.74,2,closed,False
live_db,ic32_regime_v1,AVAXUSDT,SHORT,1,2026-06-11T01:05:03.493066+00:00,2026-06-11T03:56:20.079967+00:00,2026-06-11 09:05:03,2026-06-11 11:56:20,2026-06-11,2026-06-11,6.454771000000001,6.6247659513281985,6.2809501051346395,6.621455223716341,sl_hit,-0.6624,5.0,0.6902,2,closed,False
live_db,ic32_regime_v1,TAOUSDT,SHORT,1,2026-06-11T01:05:31.871583+00:00,2026-06-11T03:46:20.467216+00:00,2026-06-11 09:05:31,2026-06-11 11:46:20,2026-06-11,2026-06-11,203.39825000000002,207.013455,196.58835662936903,212.29247334265776,guardian_exit,-0.4484,5.0,0.6406,2,closed,False
live_db,ic32_regime_v1,ARBUSDT,LONG,1,2026-06-11T02:05:17.492912+00:00,2026-06-11T04:56:19.877443+00:00,2026-06-11 10:05:17,2026-06-11 12:56:19,2026-06-11,2026-06-11,0.07861929,0.080869545,0.08111,0.07489818974868319,guardian_momentum_exit,0.7116,5.0,0.7771,2,closed,True
live_db,ic32_regime_v1,SUIUSDT,SHORT,1,2026-06-11T08:05:02.398071+00:00,2026-06-11T17:31:52.477573+00:00,2026-06-11 16:05:02,2026-06-12 01:31:52,2026-06-11,2026-06-11,0.7491252500000001,0.7584790499999999,0.7261,0.7662353462384294,guardian_exit,-0.3162,5.0,0.7507,9,closed,False
live_db,ic32_regime_v1,1000PEPEUSDT,SHORT,1,2026-06-11T08:05:10.693954+00:00,2026-06-11T17:31:53.525562+00:00,2026-06-11 16:05:10,2026-06-12 01:31:53,2026-06-11,2026-06-11,0.00276211825,0.0028009998,0.0026894,0.002814627512581655,guardian_exit,-0.3559,5.0,0.6763,9,closed,False
live_db,ic32_regime_v1,ARBUSDT,SHORT,1,2026-06-11T08:05:22.514071+00:00,2026-06-11T11:31:52.566009+00:00,2026-06-11 16:05:22,2026-06-11 19:31:52,2026-06-11,2026-06-11,0.08034980500000001,0.08155075499999999,0.07741,0.08352946310057743,guardian_exit,-0.3777,5.0,0.7162,3,closed,False
live_db,ic32_regime_v1,SUIUSDT,SHORT,1,2026-06-11T09:05:02.288702+00:00,2026-06-11T17:41:52.340553+00:00,2026-06-11 17:05:02,2026-06-12 01:41:52,2026-06-11,2026-06-11,0.7506245,0.76428195,0.7261,0.7660066334066388,guardian_exit,-0.4589,5.0,0.7141,8,closed,False
live_db,ic32_regime_v1,HBARUSDT,LONG,1,2026-06-11T13:05:24.226813+00:00,2026-06-11T15:06:52.831321+00:00,2026-06-11 21:05:24,2026-06-11 23:06:52,2026-06-11,2026-06-11,0.078469215,0.077631165,0.07953144930999413,0.07730444142250147,guardian_exit,-0.271,5.0,0.7747,2,closed,False
live_db,ic32_regime_v1,DOTUSDT,LONG,1,2026-06-11T17:05:29.526670+00:00,2026-06-11T19:31:51.975873+00:00,2026-06-12 01:05:29,2026-06-12 03:31:51,2026-06-11,2026-06-12,0.9434714999999999,0.9685155,0.9638435587157366,0.9279069853210659,guardian_momentum_exit,0.3278,2.5,0.7971,2,closed,True
live_db,ic32_regime_v1,BNBUSDT,SHORT,1,2026-06-11T21:05:11.335183+00:00,2026-06-12T06:31:52.398915+00:00,2026-06-12 05:05:11,2026-06-12 14:31:52,2026-06-11,2026-06-12,603.128285,598.729215,595.2747898034143,609.9533737991464,guardian_exit,0.1783,5.0,0.7,9,closed,True
live_db,ic32_regime_v1,1000PEPEUSDT,SHORT,1,2026-06-12T00:05:08.161199+00:00,2026-06-12T04:16:52.581410+00:00,2026-06-12 08:05:08,2026-06-12 12:16:52,2026-06-12,2026-06-12,0.0027839073500000003,0.00281570715,0.002728320361353159,0.00285509674716171,guardian_exit,-0.2896,5.0,0.6418,4,closed,False
live_db,ic32_regime_v1,TRXUSDT,SHORT,1,2026-06-12T00:05:15.503403+00:00,2026-06-12T13:10:18.279056+00:00,2026-06-12 08:05:15,2026-06-12 21:10:18,2026-06-12,2026-06-12,0.31570207,0.3121,0.30842,0.3212199226276864,reconciled,0.2812,5.0,0.5955,13,closed,True
live_db,ic32_regime_v1,SUIUSDT,LONG,1,2026-06-12T01:05:02.216920+00:00,2026-06-12T09:22:18.807505+00:00,2026-06-12 09:05:02,2026-06-12 17:22:18,2026-06-12,2026-06-12,0.75147555,0.7614191000000001,0.7698,0.7393727683063712,guardian_exit,0.3268,5.0,0.7108,8,closed,True
live_db,ic32_regime_v1,SUIUSDT,LONG,1,2026-06-12T02:05:03.007966+00:00,2026-06-12T09:22:19.754229+00:00,2026-06-12 10:05:03,2026-06-12 17:22:19,2026-06-12,2026-06-12,0.7513755,0.7614191000000001,0.7659712365379128,0.7396510658655218,guardian_exit,0.3302,5.0,0.811,7,closed,True
live_db,ic32_regime_v1,DOGEUSDT,SHORT,1,2026-06-12T02:05:21.121617+00:00,2026-06-12T04:11:52.838544+00:00,2026-06-12 10:05:21,2026-06-12 12:11:52,2026-06-12,2026-06-12,0.085847055,0.086633295,0.08434,0.08698677180061958,guardian_exit,-0.233,5.0,0.6507,2,closed,False
live_db,ic32_regime_v1,HBARUSDT,LONG,1,2026-06-12T10:05:23.895837+00:00,2026-06-12T13:02:19.543875+00:00,2026-06-12 18:05:23,2026-06-12 21:02:19,2026-06-12,2026-06-12,0.07959978,0.07882057,0.08099664846397975,0.07807078288400507,guardian_exit,-0.2487,5.0,0.7566,2,closed,False
live_db,ic32_regime_v1,SUIUSDT,SHORT,1,2026-06-12T12:05:02.316812+00:00,2026-06-12T15:02:18.987949+00:00,2026-06-12 20:05:02,2026-06-12 23:02:18,2026-06-12,2026-06-12,0.7560218,0.7653825,0.7435307011381079,0.7659227747154731,guardian_exit,-0.6271,10.0,0.724,2,closed,False
live_db,ic32_regime_v1,AVAXUSDT,SHORT,1,2026-06-12T12:05:05.312567+00:00,2026-06-12T13:45:18.258456+00:00,2026-06-12 20:05:05,2026-06-12 21:45:18,2026-06-12,2026-06-12,6.626685,6.548,6.523,6.7119120707235576,reconciled,0.5857,10.0,0.6077,1,closed,True
live_db,ic32_regime_v1,ETHUSDT,SHORT,1,2026-06-12T13:05:11.090689+00:00,2026-06-12T15:02:20.112659+00:00,2026-06-12 21:05:11,2026-06-12 23:02:20,2026-06-12,2026-06-12,1664.3973850000002,1691.3487747252143,1642.3432931450693,1690.5035229637326,sl_hit,-0.8176,10.0,0.612,1,closed,False
live_db,ic32_regime_v1,LINKUSDT,SHORT,1,2026-06-12T14:05:20.678230+00:00,2026-06-12T14:57:18.900075+00:00,2026-06-12 22:05:20,2026-06-12 22:57:18,2026-06-12,2026-06-12,7.827084500000001,7.972865545036915,7.695560082061309,7.968881104484673,sl_hit,-0.9393,10.0,0.6327,0,closed,False
live_db,ic32_regime_v1,1000PEPEUSDT,LONG,1,2026-06-12T18:05:08.610315+00:00,2026-06-13T05:32:19.183041+00:00,2026-06-13 02:05:08,2026-06-13 13:32:19,2026-06-12,2026-06-13,0.00282050955,0.0027914036,0.002890341249807452,0.002763842075048137,guardian_exit,-0.524,10.0,0.7433,11,closed,False
live_db,ic32_regime_v1,DOTUSDT,LONG,1,2026-06-12T18:05:31.720710+00:00,2026-06-13T03:52:18.863412+00:00,2026-06-13 02:05:31,2026-06-13 11:52:18,2026-06-12,2026-06-13,0.9574784999999999,0.9685155,0.9822983217691064,0.9377950445577233,guardian_exit,0.5684,10.0,0.8886,9,closed,True
live_db,ic32_regime_v1,AVAXUSDT,LONG,1,2026-06-12T19:05:03.339752+00:00,2026-06-12T23:22:18.879181+00:00,2026-06-13 03:05:03,2026-06-13 07:22:18,2026-06-12,2026-06-13,6.599298,6.5357305,6.741029390787752,6.478567152303063,guardian_exit,-0.4896,10.0,0.7364,4,closed,False
live_db,ic32_regime_v1,1000SHIBUSDT,LONG,1,2026-06-13T00:05:27.166973+00:00,2026-06-13T04:42:18.924970+00:00,2026-06-13 08:05:27,2026-06-13 12:42:18,2026-06-13,2026-06-13,0.0048414195,0.0048885545,0.00491089517623006,0.004779631080942485,guardian_exit,0.4788,10.0,0.8008,4,closed,True
live_db,ic32_regime_v1,DOTUSDT,SHORT,1,2026-06-13T04:05:29.225257+00:00,2026-06-13T06:37:18.633897+00:00,2026-06-13 12:05:29,2026-06-13 14:37:18,2026-06-13,2026-06-13,0.963518,0.9744869999999999,0.9453464819986002,0.9771466385010499,guardian_exit,-0.5772,10.0,0.7352,2,closed,False
live_db,ic32_regime_v1,AVAXUSDT,SHORT,1,2026-06-13T05:05:03.374702+00:00,2026-06-13T07:21:47.054836+00:00,2026-06-13 13:05:03,2026-06-13 15:21:47,2026-06-13,2026-06-13,6.593701500000001,6.6563265,6.497204206558986,6.666074470080762,guardian_exit,-0.4829,10.0,0.7357,2,closed,False
live_db,ic32_regime_v1,LINKUSDT,SHORT,1,2026-06-17T15:21:09.874612+00:00,2026-06-17T16:28:06.173689+00:00,2026-06-17 23:21:09,2026-06-18 00:28:06,2026-06-17,2026-06-17,8.194900500000001,8.342168999999998,8.026280731537511,8.337154942115623,sl_hit,-0.9385,10.0,0.6484,1,closed,False
live_db,ic32_regime_v1,TONUSDT,LONG,1,2026-06-17T19:05:51.610460+00:00,2026-06-18T03:05:27.876612+00:00,2026-06-18 03:05:51,2026-06-18 11:05:27,2026-06-17,2026-06-18,1.65352635,1.6844573500000002,1.7009142493737874,1.603553025156553,guardian_exit,0.4477,5.0,0.7834,7,closed,True
live_db,ic32_regime_v1,ETHUSDT,SHORT,1,2026-06-18T01:05:43.808550+00:00,2026-06-18T04:14:14.555835+00:00,2026-06-18 09:05:43,2026-06-18 12:14:14,2026-06-18,2026-06-18,1756.131495,1735.54734,1719.9014818187122,1804.637503295322,guardian_exit,0.273,5.0,0.8805,3,closed,True
live_db,ic32_regime_v1,DOGEUSDT,LONG,1,2026-06-18T12:06:15.116102+00:00,,2026-06-18 20:06:15,,2026-06-18,2026-06-18,0.08448222,,0.08572911137383757,0.0835282771565406,,,10.0,0.9837,2,open,False
live_db,ic32_regime_v1,ADAUSDT,LONG,1,2026-06-18T12:06:45.045792+00:00,,2026-06-18 20:06:45,,2026-06-18,2026-06-18,0.16488239999999998,,0.16830224033676677,0.1623175197474249,,,10.0,0.8983,2,open,False
live_db,ic32_regime_v1,DOTUSDT,LONG,1,2026-06-18T12:06:57.127785+00:00,,2026-06-18 20:06:57,,2026-06-18,2026-06-18,0.9714854999999999,,0.9920628788611229,0.9560524658541576,,,10.0,0.7461,2,open,False
live_db,ic32_regime_v1,1000PEPEUSDT,LONG,1,2026-06-18T14:05:34.532190+00:00,,2026-06-18 22:05:34,,2026-06-18,2026-06-18,0.0028732359,,0.0029393028218307657,0.0028236857086269256,,,10.0,0.8783,0,open,False
live_db,ic32_regime_v1,ETHUSDT,LONG,1,2026-06-18T14:05:48.466943+00:00,,2026-06-18 22:05:48,,2026-06-18,2026-06-18,1734.867,,1762.0627478424217,1714.1010630393946,,,10.0,0.8725,0,open,False
