feature,mean_IC,std_IC,median_IC,n_obs,hit_rate,sig_pct,t_stat,ic_ir,in_current_27
ofi_h4_delta,0.114,0.0313,0.1128,99,1.0,0.9798,36.1959,3.6378,True
cvd_slope_h4,0.1088,0.0358,0.1105,99,1.0,0.9798,30.2147,3.0367,True
wyckoff_phase,-0.0534,0.0366,-0.0474,99,0.0808,0.7778,-14.4923,1.4565,False
ret_30d,-0.0462,0.0493,-0.0447,96,0.1979,0.6875,-9.1738,0.9363,False
hmm_regime_enc,0.0417,0.0449,0.0426,99,0.8182,0.7677,9.2523,0.9299,False
dist_liq_20x_short,-0.036,0.0356,-0.0357,99,0.1616,0.6162,-10.0577,1.0108,True
dist_liq_50x_short,-0.033,0.032,-0.0342,99,0.1717,0.6263,-10.2518,1.0303,True
dow_cos,-0.0328,0.0539,-0.0362,99,0.2828,0.6667,-6.0443,0.6075,True
ret_14d,-0.0319,0.0494,-0.0315,99,0.1818,0.6162,-6.4239,0.6456,False
ema_21_slope_h4,0.0273,0.0423,0.0306,99,0.7374,0.6364,6.4317,0.6464,False
rsi_h4,0.0271,0.0392,0.0296,99,0.7879,0.5859,6.8805,0.6915,False
stochrsi_d,0.0268,0.0287,0.0293,99,0.8788,0.6162,9.2893,0.9336,True
Sell_Liq,-0.0265,0.0366,-0.0278,99,0.1919,0.6263,-7.2125,0.7249,False
spread_to_volume,-0.026,0.0421,-0.0226,99,0.2323,0.5657,-6.1417,0.6173,False
price_vs_ema_50_h4,0.0255,0.0424,0.0281,99,0.7576,0.6162,5.9837,0.6014,False
cvd_div_h4,-0.0253,0.0284,-0.026,99,0.1919,0.5253,-8.8861,0.8931,False
atr_percentile_h1,0.0246,0.0446,0.0308,99,0.7071,0.6465,5.4998,0.5528,True
price_in_range,0.024,0.0421,0.0202,99,0.7374,0.5758,5.6728,0.5701,False
Buy_Liq,0.0239,0.0384,0.0244,99,0.7576,0.596,6.1782,0.6209,True
ema_50_slope_h4,0.0238,0.0418,0.0246,99,0.7475,0.596,5.6781,0.5707,False
stochrsi_k,0.0236,0.0298,0.0249,99,0.8586,0.6061,7.8868,0.7927,False
atr_zscore_20d,0.0234,0.0404,0.0247,99,0.7172,0.5758,5.7761,0.5805,False
cvd_momentum_adv,0.0234,0.0291,0.0248,99,0.798,0.5455,7.9963,0.8037,True
trend_strength,0.0224,0.0406,0.0234,99,0.7071,0.5859,5.4777,0.5505,False
atr_percent_h4,0.0222,0.0494,0.0197,99,0.6869,0.6364,4.4655,0.4488,True
trend_accel_4h,0.0221,0.0295,0.023,99,0.798,0.5354,7.4443,0.7482,True
dist_swing_high,0.0219,0.0408,0.0201,99,0.7172,0.6061,5.3378,0.5365,True
VAH,-0.0215,0.0403,-0.0236,99,0.303,0.596,-5.3125,0.5339,True
VAL,-0.0214,0.0421,-0.02,99,0.2626,0.5253,-5.0576,0.5083,False
dist_swing_low,0.0212,0.0431,0.0183,99,0.6768,0.5556,4.8935,0.4918,False
vol_price_confirm,0.021,0.0356,0.0222,99,0.697,0.5556,5.8827,0.5912,False
dist_pdl,0.0206,0.0382,0.0272,99,0.6768,0.6061,5.3547,0.5382,False
h4_trend,0.0196,0.0429,0.0208,99,0.6364,0.5758,4.5578,0.4581,False
dist_from_8h_high,0.019,0.0305,0.022,99,0.7677,0.4949,6.1993,0.6231,True
relative_strength_z,0.0189,0.0405,0.0207,93,0.6774,0.5914,4.4967,0.4663,False
funding_rate,-0.0187,0.0427,-0.0164,98,0.3878,0.5204,-4.3223,0.4366,True
rsi_6,0.0186,0.0325,0.0219,99,0.7677,0.5556,5.7006,0.5729,False
MSB_BOS,0.0183,0.034,0.0175,99,0.7172,0.4848,5.3444,0.5371,False
POC,-0.0173,0.0423,-0.0199,99,0.3333,0.5657,-4.0579,0.4078,False
dow_sin,-0.0171,0.0517,-0.0114,99,0.4242,0.5859,-3.3006,0.3317,False
dist_ema200_h4,-0.0167,0.0399,-0.0105,99,0.3434,0.4545,-4.1693,0.419,False
dist_ema200_h1,-0.0167,0.0399,-0.0105,99,0.3434,0.4545,-4.1693,0.419,False
whale_retail_divergence,0.016,0.0327,0.0151,99,0.697,0.4141,4.866,0.4891,True
log_ret_5,0.0154,0.0296,0.0187,99,0.7677,0.4646,5.1752,0.5201,False
dist_ema50_h4,-0.0145,0.0345,-0.0189,99,0.3232,0.5253,-4.1887,0.421,False
vol_efficiency,0.014,0.0402,0.0165,99,0.6263,0.5051,3.4723,0.349,False
swing_momentum,0.014,0.0222,0.0153,99,0.8283,0.3939,6.2553,0.6287,False
dist_pwh,-0.0132,0.0562,-0.0209,99,0.3838,0.6364,-2.33,0.2342,False
ret_7d,-0.0129,0.0422,-0.0113,99,0.4242,0.4545,-3.0556,0.3071,False
log_ret_20,0.0123,0.0408,0.0112,99,0.6162,0.5051,2.9912,0.3006,True
dist_pwl,0.0122,0.0455,0.0203,99,0.6465,0.6364,2.6738,0.2687,False
relative_strength_momentum,0.0117,0.0253,0.0156,93,0.6882,0.3226,4.4636,0.4629,False
ret_3d,-0.0106,0.0407,-0.0084,99,0.3939,0.4646,-2.5992,0.2612,False
dist_pdh,-0.0102,0.0333,-0.0097,99,0.4141,0.4444,-3.0385,0.3054,False
hour_sin,-0.0099,0.0231,-0.0061,99,0.3434,0.303,-4.2765,0.4298,False
dist_liq_50x_long,0.0099,0.0393,0.0141,99,0.6465,0.5354,2.5025,0.2515,True
hidden_divergence,0.0096,0.0241,0.0143,42,0.619,0.2619,2.588,0.3993,False
ret_1d,0.0093,0.0405,0.0097,99,0.6465,0.5152,2.2921,0.2304,False
vol_regime,0.0082,0.0254,0.009,99,0.6667,0.3333,3.2089,0.3225,False
vol_spike_zscore,0.007,0.0261,0.0083,99,0.596,0.3333,2.6756,0.2689,True
vol_ratio_20,0.0069,0.0239,0.0072,99,0.6364,0.2626,2.8781,0.2893,True
hour_cos,0.0068,0.0276,0.012,99,0.6667,0.303,2.4515,0.2464,False
price_accel_1h,-0.0066,0.0087,-0.0065,99,0.2121,0.0101,-7.4818,0.7519,False
effort_vs_result,0.0054,0.0231,0.006,99,0.6465,0.2424,2.3079,0.2319,True
spring_upthrust,0.0054,0.014,0.0051,99,0.6768,0.1111,3.8015,0.3821,False
no_demand,0.0053,0.0158,0.0091,99,0.6263,0.0909,3.3196,0.3336,True
ultra_high_vol,0.0045,0.019,0.0046,99,0.5859,0.1717,2.3591,0.2371,True
ofi_acceleration,-0.0045,0.0108,-0.0029,99,0.303,0.0202,-4.146,0.4167,False
ofi_z_score,0.0044,0.0189,0.0042,99,0.6566,0.1616,2.295,0.2307,False
ofi_raw,0.0043,0.0193,0.0045,99,0.6465,0.1616,2.2322,0.2243,False
vwdp,0.0042,0.0191,0.0042,99,0.6263,0.1313,2.1696,0.2181,False
dist_liq_20x_long,-0.0042,0.0462,0.0023,99,0.5051,0.5354,-0.8959,0.09,False
above_ema200_h4,0.004,0.0426,0.0071,72,0.5694,0.5278,0.7875,0.0928,False
etf_total_change_usd,0.0038,0.0356,0.0029,99,0.5354,0.2929,1.0542,0.1059,False
rsi_slope_h4,0.0033,0.0225,0.0047,99,0.6667,0.202,1.4778,0.1485,False
etf_gbtc_change_usd,0.0031,0.0355,0.0002,99,0.5051,0.2929,0.872,0.0876,False
absorption_z,0.003,0.0219,0.0044,99,0.5556,0.2626,1.3724,0.1379,True
SFP_sweep,-0.0028,0.0167,-0.0045,99,0.3838,0.1414,-1.6841,0.1693,False
funding_price_div,-0.0026,0.0256,0.0007,98,0.5,0.2551,-0.994,0.1004,False
bars_since_BOS,-0.0025,0.0333,-0.0026,99,0.4343,0.3636,-0.7565,0.076,False
range_expansion_h4,0.0025,0.0102,0.0036,99,0.5758,0.0101,2.4375,0.245,True
rsi_divergence,-0.0024,0.0194,-0.0008,99,0.4949,0.1717,-1.2226,0.1229,False
CHoCH,0.0018,0.0123,0.0029,99,0.6061,0.0202,1.4418,0.1449,False
dynamic_position_pressure,0.0017,0.0125,0.0023,99,0.5354,0.0303,1.3755,0.1382,False
vol_accel_3h,-0.0014,0.012,-0.0021,99,0.4545,0.0303,-1.1418,0.1148,True
market_session,0.0013,0.022,-0.0011,99,0.4747,0.1515,0.6028,0.0606,False
ofi_momentum_ratio,-0.001,0.019,-0.0013,99,0.4444,0.1515,-0.514,0.0517,False
vwdp_smooth,-0.001,0.0396,-0.0008,99,0.4747,0.5051,-0.2467,0.0248,False
open_interest,-0.0008,0.0394,0.003,99,0.5253,0.4848,-0.2074,0.0208,False
long_short_ratio,0.0006,0.0177,0.002,99,0.596,0.1111,0.3554,0.0357,False
volume_delta,-0.0006,0.0159,0.0008,99,0.5253,0.0606,-0.3663,0.0368,False
no_supply,0.0004,0.0144,-0.0001,99,0.4949,0.0808,0.2947,0.0296,True
time_to_funding_norm,0.0002,0.0086,0.0015,99,0.5758,0.0202,0.2768,0.0278,False
absorption_at_swing,0.0001,0.0161,0.0003,99,0.5051,0.0909,0.0609,0.0061,False
log_ret_1,-0.0001,0.018,-0.0002,99,0.4949,0.101,-0.0286,0.0029,False
